,method,fold,Time,radius1,texture1,perimeter1,area1,smoothness1,compactness1,concavity1,concave_points1,symmetry1,fractal_dimension1,radius2,texture2,perimeter2,area2,smoothness2,compactness2,concavity2,concave_points2,symmetry2,fractal_dimension2,radius3,texture3,perimeter3,area3,smoothness3,compactness3,concavity3,concave_points3,symmetry3,fractal_dimension3,tumor_size,lymph_node_status
0,perm,0,1.2499999999999991,0.0,0.0,0.0,0.0,0.0,-0.375,0.0,0.0,0.0,0.0,0.125,0.4999999999999997,0.0,0.0,-0.375,0.0,0.0,-0.875,0.375,0.0,0.0,0.0,1.25,0.0,-0.6249999999999994,0.0,-1.2499999999999996,0.0,0.0,0.0,1.0,0.0
1,gini,0,0.1561520061750041,0.0,0.0,0.044716561962176965,0.06663172738113851,0.0,0.045817232494478985,0.0,0.0,0.0,0.0,0.10464475412606794,0.0823005966760792,0.0,0.0,0.03526917461984155,0.0,0.0,0.05325230232341663,0.045580111415443755,0.0,0.06142192558943276,0.0,0.08155764701825347,0.0,0.07381690864497621,0.0,0.07464680783828158,0.0,0.0,0.0,0.0741922437354085,0.0
2,shap,0,0.2231504096896982,0.0,0.0,0.00670831378544096,0.03298423715285092,0.0,0.05315491534704786,0.0,0.0,0.0,0.0,0.08995069697270815,0.06976646103523841,0.0,0.0,0.0604900164638809,0.0,0.0,0.06843665570994888,0.0338126117916751,0.0,0.042613279856493116,0.0,0.042613280731157686,0.0,0.12484288136248836,0.0,0.05395788115957787,0.0,0.0,0.0,0.09751835894179375,0.0
3,support_impurity_centrality,0,0.2619218640549831,0.0,0.0,0.03252786217745611,0.0410871874877228,0.0,0.06986002656381106,0.0,0.0,0.0,0.0,0.09280986500614347,0.10116995796897597,0.0,0.0,0.030758500300888312,0.0,0.0,0.0611636971111747,0.010691199031275269,0.0,0.06803172895364062,0.0,0.03277726209609522,0.0,0.07291690024074614,0.0,0.045255652164434695,0.0,0.0,0.0,0.07902829684265256,0.0
4,confidence_impurity_centrality,0,0.22039334293697235,0.0,0.0,0.0639325485475223,0.031140015588666997,0.0,0.124546766252641,0.0,0.0,0.0,0.0,0.12409389404770889,0.07396185230626631,0.0,0.0,0.06510816886086562,0.0,0.0,0.10996085946285614,0.02084998918631925,0.0,0.029345863559220902,0.0,0.014291752048214102,0.0,0.034625836745253,0.0,0.04506051902373828,0.0,0.0,0.0,0.042688591433754884,0.0
5,lift_impurity_centrality,0,0.2139068536850621,0.0,0.0,0.06331838932320913,0.0297692336976691,0.0,0.12018571293850036,0.0,0.0,0.0,0.0,0.11410577994184432,0.08039865328172861,0.0,0.0,0.08164130948479124,0.0,0.0,0.11079071524689048,0.02611790439482885,0.0,0.037186302473294235,0.0,0.016407452718941146,0.0,0.031308027387376584,0.0,0.02467646132606741,0.0,0.0,0.0,0.05018720409979655,0.0
6,equal_impurity_centrality,0,0.21925818405321232,0.0,0.0,0.06348477261978981,0.030921914641862808,0.0,0.12368920462047459,0.0,0.0,0.0,0.0,0.12361349645179237,0.07490796632640662,0.0,0.0,0.06467131613598791,0.0,0.0,0.10920649685835097,0.02070395835439994,0.0,0.029245584910610193,0.0,0.015512010881045696,0.0,0.03660340587487555,0.0,0.04539936693347764,0.0,0.0,0.0,0.042782321337713626,0.0
7,relevance_impurity_centrality,0,0.2851940460587695,0.0,0.0,0.02842789839728044,0.025284271134159698,0.0,0.08057893147807191,0.0,0.0,0.0,0.0,0.08248393631446428,0.11213015310993606,0.0,0.0,0.03250635838219965,0.0,0.0,0.07033658612172705,0.01071179307779159,0.0,0.07825200110585856,0.0,0.027264820657864373,0.0,0.056676635697570005,0.0,0.030558258582462514,0.0,0.0,0.0,0.07959430988184425,0.0
8,support_relevance_centrality,0,0.5015686923880276,0.0,0.0,1.6937893860324453e-05,0.0021508037537522977,0.0,0.01144452363103074,0.0,0.0,0.0,0.0,0.00017892573455180848,0.17300700748326636,0.0,0.0,0.001745937547398503,0.0,0.0,0.17176264392748203,0.010552409917940342,0.0,0.015292662074587144,0.0,0.023740343131789014,0.0,0.05667948233891842,0.0,0.005600356256508014,0.0,0.0,0.0,0.02625927392088734,0.0
9,confidence_relevance_centrality,0,0.3723088675843529,0.0,0.0,0.00019190528352902518,0.006819923644337626,0.0,0.016805188212130034,0.0,0.0,0.0,0.0,0.0010942251542724129,0.2318812179911401,0.0,0.0,0.0036511173219920686,0.0,0.0,0.11258603475197,0.014855364851678626,0.0,0.0471280647043253,0.0,0.03226719142550826,0.0,0.10108921592347303,0.0,0.01201423579329558,0.0,0.0,0.0,0.047307447357995094,0.0
10,lift_relevance_centrality,0,0.3280202223007195,0.0,0.0,0.00041456412310212655,0.010470718827926813,0.0,0.013839456691916463,0.0,0.0,0.0,0.0,0.0018392535392423824,0.17995114450793706,0.0,0.0,0.0030411500826786073,0.0,0.0,0.0863734273462369,0.01254052988662161,0.0,0.04981917037463522,0.0,0.05081920346820586,0.0,0.19922738851195643,0.0,0.023598729058007313,0.0,0.0,0.0,0.040045041280813744,0.0
11,equal_relevance_centrality,0,0.3653102953773408,0.0,0.0,0.00018764989907913744,0.006668695931937792,0.0,0.01643254325269869,0.0,0.0,0.0,0.0,0.0010994316969395552,0.22796774906519537,0.0,0.0,0.003570155987363828,0.0,0.0,0.11008950702356282,0.014525956054668195,0.0,0.04608302816333941,0.0,0.04138210231246166,0.0,0.10744542053657763,0.0,0.011747827327452887,0.0,0.0,0.0,0.047489637371382246,0.0
12,relevance_relevance_centrality,0,0.4683877832415874,0.0,0.0,4.172982556656572e-05,0.0026957551724005042,0.0,0.010291219740197406,0.0,0.0,0.0,0.0,0.00030401344672932243,0.15560741133226014,0.0,0.0,0.001573094789742046,0.0,0.0,0.1520295086170932,0.009462933082605368,0.0,0.021446250601373017,0.0,0.027418194297329324,0.0,0.11331400897620433,0.0,0.012885807257474003,0.0,0.0,0.0,0.024542289619437375,0.0
13,perm,1,0.9767441860465118,0.0,0.0,0.0,0.0,0.0,0.0,0.0,0.0,0.0,0.0,0.0,0.0,0.0,0.0,0.0,0.0,0.302325581395349,0.0,0.0,0.0,-0.11627906976744196,0.0,0.0,0.0,-0.16279069767441876,0.0,0.0,0.0,0.0,0.0,0.0,0.0
14,gini,1,0.21131407557120196,0.0,0.0,0.0,0.0,0.0,0.0,0.0,0.0,0.0,0.0,0.0,0.0,0.0,0.0,0.0,0.0,0.21619326032407798,0.06763106398187889,0.13418381796516313,0.0,0.11477267849762789,0.0,0.0,0.0,0.19879004360605673,0.0,0.0,0.05711506005399348,0.0,0.0,0.0,0.0
15,shap,1,0.2974093328569947,0.0,0.0,0.0,0.0,0.0,0.0,0.0,0.0,0.0,0.0,0.0,0.0,0.0,0.0,0.0,0.0,0.14468749136971368,0.07174938586911572,0.03779264046188567,0.0,0.22393721185753976,0.0,0.0,0.0,0.19131455887115598,0.0,0.0,0.033109378713594574,0.0,0.0,0.0,0.0
16,support_impurity_centrality,1,0.3996599764720789,0.0,0.0,0.0,0.0,0.0,0.0,0.0,0.0,0.0,0.0,0.0,0.0,0.0,0.0,0.0,0.0,0.12686151647847274,0.005636630191063291,0.07694350958311308,0.0,0.18929796068752036,0.0,0.0,0.0,0.19465276646642898,0.0,0.0,0.006947640121322612,0.0,0.0,0.0,0.0
17,confidence_impurity_centrality,1,0.3872001938314623,0.0,0.0,0.0,0.0,0.0,0.0,0.0,0.0,0.0,0.0,0.0,0.0,0.0,0.0,0.0,0.0,0.12973819362404027,0.002294179854144947,0.07315246981504618,0.0,0.13528111158033965,0.0,0.0,0.0,0.2680999060834709,0.0,0.0,0.004233945211495732,0.0,0.0,0.0,0.0
18,lift_impurity_centrality,1,0.34831978856935913,0.0,0.0,0.0,0.0,0.0,0.0,0.0,0.0,0.0,0.0,0.0,0.0,0.0,0.0,0.0,0.0,0.14497371478710672,0.0009642826431297342,0.0747332768153612,0.0,0.155189409863221,0.0,0.0,0.0,0.2740401657837888,0.0,0.0,0.001779361538033263,0.0,0.0,0.0,0.0
19,equal_impurity_centrality,1,0.3829727249575283,0.0,0.0,0.0,0.0,0.0,0.0,0.0,0.0,0.0,0.0,0.0,0.0,0.0,0.0,0.0,0.0,0.1327413298019422,0.0033694726516022948,0.0733415342798187,0.0,0.1355295840667239,0.0,0.0,0.0,0.2668416121500472,0.0,0.0,0.005203742092337347,0.0,0.0,0.0,0.0
20,relevance_impurity_centrality,1,0.44155569643154896,0.0,0.0,0.0,0.0,0.0,0.0,0.0,0.0,0.0,0.0,0.0,0.0,0.0,0.0,0.0,0.0,0.08942510380971823,0.001804529552097078,0.08280310463280445,0.0,0.19259397278861237,0.0,0.0,0.0,0.18952155023586617,0.0,0.0,0.002296042549352735,0.0,0.0,0.0,0.0
21,support_relevance_centrality,1,0.4826731659806445,0.0,0.0,0.0,0.0,0.0,0.0,0.0,0.0,0.0,0.0,0.0,0.0,0.0,0.0,0.0,0.0,0.0757920951058582,0.15265875521565403,0.019931019743619126,0.0,0.08049216946485897,0.0,0.0,0.0,0.18703705776342525,0.0,0.0,0.0014157367259399,0.0,0.0,0.0,0.0
22,confidence_relevance_centrality,1,0.4151637556678294,0.0,0.0,0.0,0.0,0.0,0.0,0.0,0.0,0.0,0.0,0.0,0.0,0.0,0.0,0.0,0.0,0.07665938409462841,0.11690233068948719,0.02917991744607565,0.0,0.13561444976776202,0.0,0.0,0.0,0.22238453569674052,0.0,0.0,0.004095626637476785,0.0,0.0,0.0,0.0
23,lift_relevance_centrality,1,0.32646627773519543,0.0,0.0,0.0,0.0,0.0,0.0,0.0,0.0,0.0,0.0,0.0,0.0,0.0,0.0,0.0,0.0,0.09175778896270072,0.07764449406637108,0.025580774700227626,0.0,0.14040379994385324,0.0,0.0,0.0,0.3354266206386345,0.0,0.0,0.0027202439530174707,0.0,0.0,0.0,0.0
24,equal_relevance_centrality,1,0.3985554594709616,0.0,0.0,0.0,0.0,0.0,0.0,0.0,0.0,0.0,0.0,0.0,0.0,0.0,0.0,0.0,0.0,0.08989445127646209,0.10963220294406795,0.027365225419128447,0.0,0.13259531751844517,0.0,0.0,0.0,0.23811642276606124,0.0,0.0,0.003840920604873486,0.0,0.0,0.0,0.0
25,relevance_relevance_centrality,1,0.4479357942037405,0.0,0.0,0.0,0.0,0.0,0.0,0.0,0.0,0.0,0.0,0.0,0.0,0.0,0.0,0.0,0.0,0.05851413786287868,0.13585996232272535,0.021248072027403097,0.0,0.09695124439267254,0.0,0.0,0.0,0.2382308422063944,0.0,0.0,0.0012599469841853823,0.0,0.0,0.0,0.0
26,perm,2,1.2380952380952384,0.0,0.0,0.0,0.0,0.0,0.0,0.0,0.0,0.0,0.0,0.8095238095238098,0.38095238095238115,-0.1904761904761907,0.0,0.0,0.0,-0.6190476190476194,-0.4761904761904765,0.0,0.0,0.0,0.0,-0.23809523809523836,0.09523809523809534,0.0,0.0,0.0,0.0,0.0,0.0,0.0,0.0
27,gini,2,0.18105679133183103,0.04071966620723443,0.0,0.0,0.0,0.07153968220566567,0.0,0.0,0.0,0.0,0.0,0.07514095883912324,0.07456030291022499,0.10592844247196016,0.027218665598746406,0.0,0.0,0.05818171416577329,0.16720444640843388,0.0822020006174093,0.0,0.0,0.0,0.03682452545612642,0.024985472589978252,0.027218665598746406,0.0,0.0,0.0,0.0,0.0,0.0,0.027218665598746406
28,shap,2,0.2778232782813705,0.009680059298074514,0.0,0.0,0.0,0.05733692972218276,0.0,0.0,0.0,0.0,0.0,0.11355731469406649,0.1139929769584121,0.05244849394299927,0.013190829870719862,0.0,0.0,0.08491181513564532,0.16085943094026112,0.04051378268065163,0.0,0.0,0.0,0.03515858554186663,0.019016673397327,0.009489256499558252,0.0,0.0,0.0,0.0,0.0,0.0,0.012020573036864603
29,support_impurity_centrality,2,0.22726417785346165,0.03122958425590694,0.0,0.0,0.0,0.02026125883756091,0.0,0.0,0.0,0.0,0.0,0.08260580224646691,0.1272354710328268,0.08620778267840888,0.02038721217094054,0.0,0.0,0.05734486663861524,0.2075941000314362,0.03495515627077286,0.0,0.0,0.0,0.049673804484006635,0.0031314174229387487,0.03288588919079899,0.0,0.0,0.0,0.0,0.0,0.0,0.019223476885858695
30,confidence_impurity_centrality,2,0.20345077211289944,0.06407161434740388,0.0,0.0,0.0,0.007034395747781932,0.0,0.0,0.0,0.0,0.0,0.04356840071229734,0.05074329256075792,0.08866500007206826,0.04742380555357235,0.0,0.0,0.028770346426851612,0.20099497535342903,0.04205423632334859,0.0,0.0,0.0,0.0775434522528255,0.015421482511860549,0.06816136506331368,0.0,0.0,0.0,0.0,0.0,0.0,0.06209686096158963
31,lift_impurity_centrality,2,0.1902022424828336,0.05324734291129632,0.0,0.0,0.0,0.0029572334508065983,0.0,0.0,0.0,0.0,0.0,0.044533808436459515,0.06405407706219671,0.09800255668339075,0.033727160387622676,0.0,0.0,0.027266965627131472,0.20328170005283755,0.05349219562414258,0.0,0.0,0.0,0.06559499784227825,0.02093177128149365,0.07901606387174617,0.0,0.0,0.0,0.0,0.0,0.0,0.0636918842857642
32,equal_impurity_centrality,2,0.2026930321026256,0.06350789933860952,0.0,0.0,0.0,0.008724023897527591,0.0,0.0,0.0,0.0,0.0,0.044620517039372434,0.05143314265873322,0.0892669613960488,0.04700656133026088,0.0,0.0,0.030027459705272944,0.1997769695581071,0.041684234655054164,0.0,0.0,0.0,0.07686120929213415,0.0152858011927875,0.06756166760138047,0.0,0.0,0.0,0.0,0.0,0.0,0.06155052023208555
33,relevance_impurity_centrality,2,0.24888349246733973,0.02230668426933936,0.0,0.0,0.0,0.006951331181542752,0.0,0.0,0.0,0.0,0.0,0.07068970600620848,0.1392146684291496,0.09506712243929422,0.010085478599000199,0.0,0.0,0.040143993861478135,0.24206167216979188,0.029885185066998873,0.0,0.0,0.0,0.04063757684401785,0.0034285282601838616,0.03714309286154524,0.0,0.0,0.0,0.0,0.0,0.0,0.013501467544109805
34,support_relevance_centrality,2,0.4203330250050824,2.633907008507167e-05,0.0,0.0,0.0,0.011288173001604326,0.0,0.0,0.0,0.0,0.0,0.07669518761974534,0.2026981149383988,0.0017183800038254161,4.3898450690903824e-06,0.0,0.0,0.018746292624990144,0.24326094192851708,0.018640741821614407,0.0,0.0,0.0,0.0001418686424311685,0.00642745315664894,1.463281684704815e-05,0.0,0.0,0.0,0.0,0.0,0.0,4.459525140756743e-06
35,confidence_relevance_centrality,2,0.3221369384694791,0.0002025403027829911,0.0,0.0,0.0,0.01585099314506994,0.0,0.0,0.0,0.0,0.0,0.11337510773648153,0.22457883850529692,0.005499363257062224,4.843358895081633e-05,0.0,0.0,0.03711605242321949,0.25341554170108704,0.02109480705011145,0.0,0.0,0.0,0.000769066393519655,0.0057567428702617,0.00010567328641726075,0.0,0.0,0.0,0.0,0.0,0.0,4.9901270259857105e-05
36,lift_relevance_centrality,2,0.2757281826194059,0.00020693712956651418,0.0,0.0,0.0,0.010225151068781984,0.0,0.0,0.0,0.0,0.0,0.21964423640872277,0.19582437893597468,0.01031677901688179,6.9384950360354e-05,0.0,0.0,0.05824382945360538,0.20799406299806958,0.016092912516406026,0.0,0.0,0.0,0.0014793098063392311,0.0038880079019486245,0.00021437651048927003,0.0,0.0,0.0,0.0,0.0,0.0,7.245068344786343e-05
37,equal_relevance_centrality,2,0.3210282165799569,0.0002011123674046697,0.0,0.0,0.0,0.015739241589540636,0.0,0.0,0.0,0.0,0.0,0.11722813411976,0.22299552859453986,0.0055305386762715255,4.8092125873040404e-05,0.0,0.0,0.0380198415244089,0.25162892929634917,0.020946085927096285,0.0,0.0,0.0,0.0007636443757953041,0.005716157087109427,0.00010492827605564214,0.0,0.0,0.0,0.0,0.0,0.0,4.954945983868096e-05
38,relevance_relevance_centrality,2,0.36414555333813403,2.8185620717396796e-05,0.0,0.0,0.0,0.008469129537505355,0.0,0.0,0.0,0.0,0.0,0.1700582919111528,0.1914730455386274,0.003772137315659914,5.399630193765934e-06,0.0,0.0,0.029041403373360482,0.21341331576273914,0.014397240005375653,0.0,0.0,0.0,0.00032359941198063314,0.004831931222026963,3.5198419323906467e-05,0.0,0.0,0.0,0.0,0.0,0.0,5.56891320257287e-06
39,perm,3,3.0000000000000515,0.0,0.0,0.0,0.0,0.0,0.0,0.0,0.0,1.0000000000000155,0.0,0.0,-0.6666666666666805,-5.333333333333428,0.0,2.66666666666671,0.0,0.0,0.0,3.6666666666667287,0.0,-0.33333333333334103,0.0,0.0,0.0,1.333333333333355,0.0,0.0,0.6666666666666775,0.0,-5.000000000000088,0.0,0.0
40,gini,3,0.173412009803293,0.0,0.01963453367494577,0.0,0.0,0.0,0.0,0.0,0.0,0.03808252442112293,0.0,0.07264631077481985,0.06628380178176456,0.06421985827643159,0.0,0.05914388289565309,0.0,0.0,0.038336891243700114,0.12563388976256332,0.0,0.052553098653068106,0.0,0.03460061822589368,0.0,0.04590493865019433,0.0,0.0,0.028710876022843095,0.0779307743434658,0.1029059914702409,0.0,0.0
41,shap,3,0.2197282434549103,0.0,0.012045302537132865,0.0,0.0,0.0,0.0,0.0,0.0,0.03518994833685052,0.0,0.047834670122503704,0.08464564307089652,0.16081944621354272,0.0,0.04842976644860986,0.0,0.0,0.03327497521479428,0.09698705354106445,0.0,0.042205748052209634,0.0,0.010187246646871692,0.0,0.0958256787368319,0.0,0.0,0.033012730694718516,0.021312526986140723,0.05850101994292243,0.0,0.0
42,support_impurity_centrality,3,0.21665531570556631,0.0,0.011522854016232034,0.0,0.0,0.0,0.0,0.0,0.0,0.030488834618412716,0.0,0.03629482549045,0.12494622123676756,0.06397330322366786,0.0,0.03620004243530621,0.0,0.0,0.042019885647635424,0.12441955990849003,0.0,0.0548879389127373,0.0,0.024825201659782456,0.0,0.07559772507232453,0.0,0.0,0.04472345843584177,0.054439151160633005,0.05900568247615278,0.0,0.0
43,confidence_impurity_centrality,3,0.1791074093134763,0.0,0.04042726017064293,0.0,0.0,0.0,0.0,0.0,0.0,0.04236459401970297,0.0,0.04714509147440988,0.09239960454489127,0.04326539265925195,0.0,0.048768127511039865,0.0,0.0,0.04490150380560687,0.15565121279868546,0.0,0.04965941373604767,0.0,0.05160883266467366,0.0,0.06170778472130839,0.0,0.0,0.06102562559357288,0.05698617944887512,0.024981967537814696,0.0,0.0
44,lift_impurity_centrality,3,0.17266099712616817,0.0,0.035783739554193325,0.0,0.0,0.0,0.0,0.0,0.0,0.024541453897266766,0.0,0.05751589718622527,0.08124979336881694,0.02685550318595142,0.0,0.057684874916084435,0.0,0.0,0.061138623284000486,0.14205637623814488,0.0,0.05918039894038068,0.0,0.047473218902440606,0.0,0.07029693184096573,0.0,0.0,0.06676496208502757,0.07051406826501858,0.026283161209315276,0.0,0.0
45,equal_impurity_centrality,3,0.1791074093134763,0.0,0.04042726017064293,0.0,0.0,0.0,0.0,0.0,0.0,0.04236459401970297,0.0,0.04714509147440988,0.09239960454489127,0.04326539265925195,0.0,0.048768127511039865,0.0,0.0,0.04490150380560687,0.15565121279868546,0.0,0.04965941373604767,0.0,0.05160883266467366,0.0,0.06170778472130839,0.0,0.0,0.06102562559357288,0.05698617944887512,0.024981967537814696,0.0,0.0
46,relevance_impurity_centrality,3,0.2326502578488407,0.0,0.00730689441806928,0.0,0.0,0.0,0.0,0.0,0.0,0.0197625249685237,0.0,0.03553020414763508,0.12841343540896377,0.04560925307355916,0.0,0.03519796387864109,0.0,0.0,0.04726830659786071,0.12716558685878704,0.0,0.06067424430078105,0.0,0.01823419829622456,0.0,0.07688192755861424,0.0,0.0,0.04664567487664841,0.056578245502677114,0.06208128226417415,0.0,0.0
47,support_relevance_centrality,3,0.4473067228375008,0.0,1.143076376075324e-06,0.0,0.0,0.0,0.0,0.0,0.0,0.001259162109313245,0.0,0.0006775478864754783,0.1567882348310142,0.1511030671849208,0.0,0.015565692563045078,0.0,0.0,0.14249429002647482,0.025350715607654627,0.0,0.000868441519698326,0.0,1.7400162416444595e-05,0.0,0.03697213121613045,0.0,0.0,0.0035159105087397384,0.0006302795456552171,0.017449260924584705,0.0,0.0
48,confidence_relevance_centrality,3,0.333301053151294,0.0,1.8512813081903907e-05,0.0,0.0,0.0,0.0,0.0,0.0,0.00368891920512657,0.0,0.0016135314601744548,0.20703221119834758,0.21339602828445128,0.0,0.020526712881619086,0.0,0.0,0.09245504329041544,0.034049495698978235,0.0,0.0035671059972911,0.0,0.00017830757467224826,0.0,0.05260169375430623,0.0,0.0,0.007597450558343118,0.002910885657067321,0.027063048474831434,0.0,0.0
49,lift_relevance_centrality,3,0.2627136988076566,0.0,2.4142841893590165e-05,0.0,0.0,0.0,0.0,0.0,0.0,0.006654193767989475,0.0,0.0015062230488907717,0.18201918795787955,0.34638109955400703,0.0,0.012672272234569267,0.0,0.0,0.05813475426607758,0.025293523976270597,0.0,0.0037431949613279548,0.0,0.0002722394248668577,0.0,0.04151072203355743,0.0,0.0,0.007904932797191159,0.0047194919248561675,0.046450322402965975,0.0,0.0
50,equal_relevance_centrality,3,0.333301053151294,0.0,1.8512813081903907e-05,0.0,0.0,0.0,0.0,0.0,0.0,0.00368891920512657,0.0,0.0016135314601744548,0.20703221119834758,0.21339602828445128,0.0,0.020526712881619086,0.0,0.0,0.09245504329041544,0.034049495698978235,0.0,0.0035671059972911,0.0,0.00017830757467224826,0.0,0.05260169375430623,0.0,0.0,0.007597450558343118,0.002910885657067321,0.027063048474831434,0.0,0.0
51,relevance_relevance_centrality,3,0.3547188275084749,0.0,1.4667545678438468e-06,0.0,0.0,0.0,0.0,0.0,0.0,0.002717368470347712,0.0,0.0005491289933695013,0.157146194352156,0.28647968975868043,0.0,0.010648839034281299,0.0,0.0,0.09708114839461147,0.018389545066085183,0.0,0.0011640110197463317,0.0,2.923090286249104e-05,0.0,0.029346735053496165,0.0,0.0,0.003278583499907325,0.0012100216011213234,0.037239209590292026,0.0,0.0
52,perm,4,0.37037037037037085,-0.0,-0.0,-0.0,-0.0,-8.223874256482654e-17,-0.0,-0.0,-0.0,-0.0,-0.0,-0.22222222222222276,-0.11111111111111138,-0.0,0.11111111111111115,-0.0,0.5555555555555564,-0.0,-0.0,0.07407407407407408,-0.0,-0.0,-0.0,-0.0,-0.0,-0.18518518518518573,-0.0,-0.0,0.03703703703703688,-0.0,-0.0,-0.0,0.3703703703703708
53,gini,4,0.17808899184969332,0.0,0.04306120993697834,0.0,0.0,0.0431460504444403,0.0,0.0,0.0,0.0,0.0,0.04074300820718319,0.09995512300619007,0.0,0.04076901044606382,0.0,0.07729754875803672,0.06217440030933039,0.04637271201977858,0.11045586192562763,0.0,0.0,0.0,0.0,0.0,0.10429624866922027,0.0,0.0,0.05810240895945153,0.0,0.0,0.038462743272184595,0.057074682195821326
54,shap,4,0.22936106155680996,0.0,0.014027688368846788,0.0,0.0,0.05858207906729742,0.0,0.0,0.0,0.0,0.0,0.04235856738525779,0.10644250279813978,0.0,0.057676854917960776,0.0,0.08375779427057295,0.009171949976351165,0.019842766669061616,0.038535964766688365,0.0,0.0,0.0,0.0,0.0,0.13871569658651112,0.0,0.0,0.05538755728697365,0.0,0.0,0.024370525576003138,0.12176899077352524
55,support_impurity_centrality,4,0.2248982232729538,0.0,0.034430648777527974,0.0,0.0,0.035934813679068006,0.0,0.0,0.0,0.0,0.0,0.038707687532376675,0.1167014618350099,0.0,0.06251778164090688,0.0,0.0809657554887872,0.030069854734119897,0.04298436093885088,0.061390896500624466,0.0,0.0,0.0,0.0,0.0,0.08072001000693778,0.0,0.0,0.025364527659384465,0.0,0.0,0.024575291009974624,0.14073868692347744
56,confidence_impurity_centrality,4,0.1806735296073458,0.0,0.0629562975726044,0.0,0.0,0.04348571159939682,0.0,0.0,0.0,0.0,0.0,0.04619389526328919,0.11235448019577303,0.0,0.06644197290931533,0.0,0.06221809673547247,0.04426729623439593,0.015545169897359892,0.08850696782585428,0.0,0.0,0.0,0.0,0.0,0.09209460539701096,0.0,0.0,0.028323904460047303,0.0,0.0,0.011177412890324243,0.14576065941181016
57,lift_impurity_centrality,4,0.17016700592512415,0.0,0.06781901767022931,0.0,0.0,0.050877960991934014,0.0,0.0,0.0,0.0,0.0,0.04032874869856185,0.10091443886687304,0.0,0.037495217257461876,0.0,0.06579168796481945,0.04824261110189132,0.02332444999456198,0.08446771988294448,0.0,0.0,0.0,0.0,0.0,0.11642409966575662,0.0,0.0,0.041316146234227524,0.0,0.0,0.014240502370618677,0.13859039337499568
58,equal_impurity_centrality,4,0.1806735296073458,0.0,0.0629562975726044,0.0,0.0,0.04348571159939682,0.0,0.0,0.0,0.0,0.0,0.04619389526328919,0.11235448019577303,0.0,0.06644197290931533,0.0,0.06221809673547247,0.04426729623439593,0.015545169897359892,0.08850696782585428,0.0,0.0,0.0,0.0,0.0,0.09209460539701096,0.0,0.0,0.028323904460047303,0.0,0.0,0.011177412890324243,0.14576065941181016
59,relevance_impurity_centrality,4,0.26270064265159,0.0,0.02572093568045766,0.0,0.0,0.0278630243694251,0.0,0.0,0.0,0.0,0.0,0.02928626997822875,0.13648043475050892,0.0,0.04068385007033996,0.0,0.06978848312951047,0.02103828162476873,0.05240139170590616,0.057134448974059546,0.0,0.0,0.0,0.0,0.0,0.07964407075083545,0.0,0.0,0.026568519624964385,0.0,0.0,0.029696337457110235,0.14099330923229472
60,support_relevance_centrality,4,0.8241510608881933,0.0,1.0521246982121945e-05,0.0,0.0,0.0001246110169217293,0.0,0.0,0.0,0.0,0.0,4.968366528440648e-05,0.03640466908997458,0.0,0.003828718313938838,0.0,0.0012627674381735744,0.0008447775907244995,0.0010840167036267334,0.0022742879670499864,0.0,0.0,0.0,0.0,0.0,0.11518446847886508,0.0,0.0,0.0006483533119264276,0.0,0.0,0.0004328369785440461,0.01369922730979461
61,confidence_relevance_centrality,4,0.7218713634818953,0.0,0.00014759976851304126,0.0,0.0,0.0009646691905427736,0.0,0.0,0.0,0.0,0.0,0.0005095702857422006,0.09327692385111945,0.0,0.013669811393952574,0.0,0.005021791529665106,0.002167871138933896,0.005424218122270237,0.006460104897942876,0.0,0.0,0.0,0.0,0.0,0.11055872977333313,0.0,0.0,0.002903636597644164,0.0,0.0,0.0014463457580558602,0.03557736421038937
62,lift_relevance_centrality,4,0.6831703093735361,0.0,0.0002193678873165103,0.0,0.0,0.0012595418755406182,0.0,0.0,0.0,0.0,0.0,0.0011749675706731952,0.09357250356268781,0.0,0.03485092294164493,0.0,0.005908743560192619,0.0022397752129058564,0.010532110403884873,0.007557738428936576,0.0,0.0,0.0,0.0,0.0,0.10567977348675374,0.0,0.0,0.004913826581607503,0.0,0.0,0.004118696318909352,0.044801722795410386
63,equal_relevance_centrality,4,0.7218713634818953,0.0,0.00014759976851304126,0.0,0.0,0.0009646691905427736,0.0,0.0,0.0,0.0,0.0,0.0005095702857422006,0.09327692385111945,0.0,0.013669811393952574,0.0,0.005021791529665106,0.002167871138933896,0.005424218122270237,0.006460104897942876,0.0,0.0,0.0,0.0,0.0,0.11055872977333313,0.0,0.0,0.002903636597644164,0.0,0.0,0.0014463457580558602,0.03557736421038937
64,relevance_relevance_centrality,4,0.8107102843387405,0.0,1.4043989690286229e-05,0.0,0.0,0.0001468987024157181,0.0,0.0,0.0,0.0,0.0,0.00012778947911505116,0.03827092813490091,0.0,0.011233798810720785,0.0,0.0014101420598494805,0.0008295445977254201,0.002931761890633887,0.0023807090550007227,0.0,0.0,0.0,0.0,0.0,0.11248842720254028,0.0,0.0,0.0008338058189221835,0.0,0.0,0.0013597472952716022,0.01726211862447318
65,perm,5,-0.17647058823529385,0.0,0.0,0.0,0.0,0.0,0.0,0.0,0.0,0.0,0.0,1.0588235294117645,0.05882352941176475,0.0,0.0,0.0,0.0,0.0,0.0,-0.3529411764705885,0.0,0.0,0.0,0.0,0.0,0.0,0.0,0.0,0.0,0.0,0.0,0.4117647058823532,0.0
66,gini,5,0.21431432438043857,0.0,0.0,0.0,0.0,0.0,0.0,0.0,0.0,0.0,0.0837394021864165,0.1845834097725555,0.2447666694881498,0.0,0.0,0.0,0.0,0.0,0.0,0.09951607537881647,0.045059799311663144,0.034748372430817735,0.0,0.0,0.0,0.0,0.0,0.0,0.0,0.0,0.0,0.09327194705114233,0.0
67,shap,5,0.3066368800224657,0.0,0.0,0.0,0.0,0.0,0.0,0.0,0.0,0.0,0.025979387372933337,0.12668238949616042,0.10384417006432774,0.0,0.0,0.0,0.0,0.0,0.0,0.08887941282959462,0.20090520052642222,0.011046497970737406,0.0,0.0,0.0,0.0,0.0,0.0,0.0,0.0,0.0,0.1360260617173585,0.0
68,support_impurity_centrality,5,0.3164547218964378,0.0,0.0,0.0,0.0,0.0,0.0,0.0,0.0,0.0,0.022883194823448628,0.16718750026419288,0.28846117349746286,0.0,0.0,0.0,0.0,0.0,0.0,0.03531053304831661,0.009001452058364565,0.034114431881406206,0.0,0.0,0.0,0.0,0.0,0.0,0.0,0.0,0.0,0.12658699253037045,0.0
69,confidence_impurity_centrality,5,0.2998471765794034,0.0,0.0,0.0,0.0,0.0,0.0,0.0,0.0,0.0,0.003951038288439378,0.11799517636446802,0.21769376181320588,0.0,0.0,0.0,0.0,0.0,0.0,0.023818104861858376,0.0016478087678296913,0.23092289835400573,0.0,0.0,0.0,0.0,0.0,0.0,0.0,0.0,0.0,0.1041240349707895,0.0
70,lift_impurity_centrality,5,0.31653781187841995,0.0,0.0,0.0,0.0,0.0,0.0,0.0,0.0,0.0,0.0017723150060119433,0.11074199057483232,0.2437414744156923,0.0,0.0,0.0,0.0,0.0,0.0,0.016584351938668744,0.000607397407992676,0.20006649878237934,0.0,0.0,0.0,0.0,0.0,0.0,0.0,0.0,0.0,0.10994815999600277,0.0
71,equal_impurity_centrality,5,0.29789308189806835,0.0,0.0,0.0,0.0,0.0,0.0,0.0,0.0,0.0,0.003930685710548526,0.12306480657887787,0.21619930536287416,0.0,0.0,0.0,0.0,0.0,0.0,0.03168368037637141,0.0017434735640679245,0.2243325467602382,0.0,0.0,0.0,0.0,0.0,0.0,0.0,0.0,0.0,0.1011524197489535,0.0
72,relevance_impurity_centrality,5,0.32178890763614065,0.0,0.0,0.0,0.0,0.0,0.0,0.0,0.0,0.0,0.007790814725810253,0.15275946469276477,0.31452007423074824,0.0,0.0,0.0,0.0,0.0,0.0,0.023158921089838254,0.003019244149029565,0.0336645603065416,0.0,0.0,0.0,0.0,0.0,0.0,0.0,0.0,0.0,0.1432980131691267,0.0
73,support_relevance_centrality,5,0.7232825973266716,0.0,0.0,0.0,0.0,0.0,0.0,0.0,0.0,0.0,0.05721196731673744,0.004838414046571745,0.03869462349075563,0.0,0.0,0.0,0.0,0.0,0.0,0.003956820190088309,0.17142181586698368,8.593826739375584e-07,0.0,0.0,0.0,0.0,0.0,0.0,0.0,0.0,0.0,0.0005929023795176896,0.0
74,confidence_relevance_centrality,5,0.6806227739574119,0.0,0.0,0.0,0.0,0.0,0.0,0.0,0.0,0.0,0.05649496117998351,0.01983474047989768,0.07004168648002468,0.0,0.0,0.0,0.0,0.0,0.0,0.015233287398530353,0.15511870385512658,3.096820271173924e-05,0.0,0.0,0.0,0.0,0.0,0.0,0.0,0.0,0.0,0.002622878446313533,0.0
75,lift_relevance_centrality,5,0.6484224765989257,0.0,0.0,0.0,0.0,0.0,0.0,0.0,0.0,0.0,0.058629002389603585,0.0427506563882666,0.08007936609904096,0.0,0.0,0.0,0.0,0.0,0.0,0.028690467797297,0.13442290508569232,8.26105345065735e-05,0.0,0.0,0.0,0.0,0.0,0.0,0.0,0.0,0.0,0.006922515106667262,0.0
76,equal_relevance_centrality,5,0.6801785292465186,0.0,0.0,0.0,0.0,0.0,0.0,0.0,0.0,0.0,0.05530419332304335,0.0197947352225363,0.06879086699192151,0.0,0.0,0.0,0.0,0.0,0.0,0.021032566233239996,0.1523628571037844,2.9595968683564287e-05,0.0,0.0,0.0,0.0,0.0,0.0,0.0,0.0,0.0,0.0025066559102722755,0.0
77,relevance_relevance_centrality,5,0.7144465072324921,0.0,0.0,0.0,0.0,0.0,0.0,0.0,0.0,0.0,0.055405595856332646,0.0121087399960204,0.042681301171823685,0.0,0.0,0.0,0.0,0.0,0.0,0.008434863953458306,0.16499440659125386,2.7407039398032615e-06,0.0,0.0,0.0,0.0,0.0,0.0,0.0,0.0,0.0,0.0019258444946791819,0.0
78,perm,6,-0.040000000000000216,0.0,0.0,0.0,0.0,0.15999999999999998,0.3800000000000003,0.0,0.0,-0.22000000000000042,0.2600000000000002,0.08000000000000003,0.18000000000000008,0.0,0.0,0.0,0.0,0.0,0.0,0.0,0.20000000000000012,0.0,0.0,0.0,0.0,0.0,0.0,0.0,0.0,0.0,0.0,0.0,0.0
79,gini,6,0.22466886772451336,0.0,0.0,0.0,0.0,0.07172239790449657,0.07471083115051722,0.0,0.0,0.08004731908983995,0.04106058687621927,0.15206527632636052,0.20279329823401496,0.0,0.0,0.0,0.0,0.0,0.0,0.0,0.0722437250514796,0.0,0.0,0.0,0.0,0.0,0.0,0.0,0.0,0.0,0.0,0.08068769764255866,0.0
80,shap,6,0.25894310856074193,0.0,0.0,0.0,0.0,0.06355234733542238,0.08504939422100308,0.0,0.0,0.11296659700230612,0.07585950613099744,0.07617728337871761,0.134951879118098,0.0,0.0,0.0,0.0,0.0,0.0,0.0,0.1300545587818104,0.0,0.0,0.0,0.0,0.0,0.0,0.0,0.0,0.0,0.0,0.06244532547090307,0.0
81,support_impurity_centrality,6,0.2760951940196325,0.0,0.0,0.0,0.0,0.07199533359605854,0.07839490193662904,0.0,0.0,0.03160335309957389,0.00883248542590918,0.12511338976547282,0.2258715364133281,0.0,0.0,0.0,0.0,0.0,0.0,0.0,0.07779402461876693,0.0,0.0,0.0,0.0,0.0,0.0,0.0,0.0,0.0,0.0,0.10429978112462898,0.0
82,confidence_impurity_centrality,6,0.24114749896238274,0.0,0.0,0.0,0.0,0.1523278338146151,0.13919455610588757,0.0,0.0,0.021021029539009223,0.0014317424445253611,0.07594841683702311,0.14983699436034112,0.0,0.0,0.0,0.0,0.0,0.0,0.0,0.14575569101046199,0.0,0.0,0.0,0.0,0.0,0.0,0.0,0.0,0.0,0.0,0.07333623692575363,0.0
83,lift_impurity_centrality,6,0.20977224460749877,0.0,0.0,0.0,0.0,0.14634753814976315,0.1557228521494797,0.0,0.0,0.015572508044498522,0.0006594234499647632,0.06801173629887693,0.15656219911104063,0.0,0.0,0.0,0.0,0.0,0.0,0.0,0.17107772593628434,0.0,0.0,0.0,0.0,0.0,0.0,0.0,0.0,0.0,0.0,0.07627377225259332,0.0
84,equal_impurity_centrality,6,0.2415490683307053,0.0,0.0,0.0,0.0,0.15551013023979535,0.1344825899669206,0.0,0.0,0.027537936565712177,0.0013931805592065467,0.07921675685762895,0.14953317156501483,0.0,0.0,0.0,0.0,0.0,0.0,0.0,0.1402589113983679,0.0,0.0,0.0,0.0,0.0,0.0,0.0,0.0,0.0,0.0,0.07051825451664828,0.0
85,relevance_impurity_centrality,6,0.27924546854273685,0.0,0.0,0.0,0.0,0.06797584280467184,0.07557224634396383,0.0,0.0,0.020294214142713277,0.0030868476733674653,0.10944103647567795,0.24492490604742828,0.0,0.0,0.0,0.0,0.0,0.0,0.0,0.08092934142059653,0.0,0.0,0.0,0.0,0.0,0.0,0.0,0.0,0.0,0.0,0.11853009654884399,0.0
86,support_relevance_centrality,6,0.677470314134327,0.0,0.0,0.0,0.0,3.3814565007825775e-05,0.0006798573440165476,0.0,0.0,0.002291236183610069,0.02795992663452308,0.004223462399705194,0.0071105999065241,0.0,0.0,0.0,0.0,0.0,0.0,0.0,0.2795801303681078,0.0,0.0,0.0,0.0,0.0,0.0,0.0,0.0,0.0,0.0,0.0006506584641784376,0.0
87,confidence_relevance_centrality,6,0.647694078217369,0.0,0.0,0.0,0.0,0.000468806099914062,0.00308589167883793,0.0,0.0,0.00996075465791963,0.026662449407900916,0.016387080496135686,0.03333848194809775,0.0,0.0,0.0,0.0,0.0,0.0,0.0,0.25967814521500815,0.0,0.0,0.0,0.0,0.0,0.0,0.0,0.0,0.0,0.0,0.002724312278816879,0.0
88,lift_relevance_centrality,6,0.6257069883577812,0.0,0.0,0.0,0.0,0.0011308590327986376,0.00436177656766804,0.0,0.0,0.01916740674234529,0.025524247483568328,0.03767659695876192,0.044362147873535165,0.0,0.0,0.0,0.0,0.0,0.0,0.0,0.2346680548198016,0.0,0.0,0.0,0.0,0.0,0.0,0.0,0.0,0.0,0.0,0.007401922163739866,0.0
89,equal_relevance_centrality,6,0.646381169967434,0.0,0.0,0.0,0.0,0.00048577224658738434,0.0031432913080717733,0.0,0.0,0.013455908659422275,0.026389718467372023,0.017140349521051947,0.03314689957628192,0.0,0.0,0.0,0.0,0.0,0.0,0.0,0.25719529148294473,0.0,0.0,0.0,0.0,0.0,0.0,0.0,0.0,0.0,0.0,0.002661598770833956,0.0
90,relevance_relevance_centrality,6,0.6715042777416785,0.0,0.0,0.0,0.0,9.06177842768729e-05,0.000791115253294381,0.0,0.0,0.004376926503193051,0.027220670063304378,0.010721512547501387,0.011107221755971005,0.0,0.0,0.0,0.0,0.0,0.0,0.0,0.2721043451617471,0.0,0.0,0.0,0.0,0.0,0.0,0.0,0.0,0.0,0.0,0.002083313189033258,0.0
91,perm,7,0.22222222222222207,0.0,0.0,0.04166666666666667,0.0,0.11111111111111109,0.08333333333333334,0.13888888888888892,-0.04166666666666658,0.0,0.0,0.0,0.0,0.0,0.0,0.0,0.08333333333333334,0.236111111111111,0.0,0.02777777777777781,0.0,-0.11111111111111091,0.0,0.0,0.0,0.0,0.0,0.0,0.15277777777777776,0.0,0.08333333333333334,-0.02777777777777772,0.0
92,gini,7,0.14060291292283766,0.0,0.0,0.027267156862745102,0.0,0.040840694830563795,0.07032115668540487,0.024929971988795516,0.0233718487394958,0.014542483660130707,0.027776913234429598,0.0233718487394958,0.03397713924279385,0.0,0.0,0.0,0.02908496732026145,0.1430960528930919,0.0,0.05459923552754437,0.0,0.0989107045128322,0.0,0.0,0.0,0.026010605855245335,0.0,0.0,0.09642385800474038,0.0,0.05141806722689075,0.0734543817527011,0.0
93,shap,7,0.29405880691122427,0.0,0.0,0.006519700228636627,0.0,0.09832678527929059,0.11359462390839428,0.03367746549361052,0.013698585505439901,0.01947875223814664,0.00906789276859771,0.005016036970819467,0.014026537443257112,0.0,0.0,0.0,0.05915939241206252,0.14095080071614577,0.0,0.0224631220210671,0.0,0.07199546092448651,0.0,0.0,0.0,0.016345163514276218,0.0,0.0,0.03290841569813731,0.0,0.015654823376066846,0.03305763459034068,0.0
94,support_impurity_centrality,7,0.2129706260721826,0.0,0.0,0.02165189261665337,0.0,0.12789965769190356,0.1284710176060753,0.012574168569898998,0.01791685177346182,0.005039387953009601,0.003729316675078636,0.024878340767822395,0.023732853061900584,0.0,0.0,0.0,0.012692704932990203,0.11833636987971108,0.0,0.016854889884131752,0.0,0.07492644992271623,0.0,0.0,0.0,0.02332744123624311,0.0,0.0,0.07217194756657047,0.0,0.06063958347308113,0.04218650031656919,0.0
95,confidence_impurity_centrality,7,0.19069780026933497,0.0,0.0,0.0349751563129023,0.0,0.12226046380593447,0.0620961695615361,0.02657512292412786,0.054194813547466435,0.002923931773064402,0.000885722658425232,0.048523299402306465,0.04090384035002059,0.0,0.0,0.0,0.009540024363809848,0.13798683858082272,0.0,0.030409600142977323,0.0,0.04536664915845723,0.0,0.0,0.0,0.03720213089053855,0.0,0.0,0.08514393195813283,0.0,0.04540766818884943,0.024906836111293344,0.0
96,lift_impurity_centrality,7,0.16883758039320693,0.0,0.0,0.03699086133519129,0.0,0.11275487587974897,0.078104281882104,0.024946017333081907,0.05791573027832603,0.003331179467300526,0.0004239141142207756,0.06032510169206657,0.05875642470524792,0.0,0.0,0.0,0.009319102449280409,0.12140555950236455,0.0,0.020743437066646744,0.0,0.02927241423471447,0.0,0.0,0.0,0.05293157834305422,0.0,0.0,0.09400288110756248,0.0,0.04195629037363271,0.02798276984224926,0.0
97,equal_impurity_centrality,7,0.19069780026933497,0.0,0.0,0.0349751563129023,0.0,0.12226046380593447,0.0620961695615361,0.02657512292412786,0.054194813547466435,0.002923931773064402,0.000885722658425232,0.048523299402306465,0.04090384035002059,0.0,0.0,0.0,0.009540024363809848,0.13798683858082272,0.0,0.030409600142977323,0.0,0.04536664915845723,0.0,0.0,0.0,0.03720213089053855,0.0,0.0,0.08514393195813283,0.0,0.04540766818884943,0.024906836111293344,0.0
98,relevance_impurity_centrality,7,0.2489281978228839,0.0,0.0,0.011910839235809085,0.0,0.1413742913725448,0.1413303517319115,0.0071045578541827125,0.012659722091935291,0.002259926285209534,0.001431375173693682,0.029356612651994882,0.028928221349508013,0.0,0.0,0.0,0.005686922655289084,0.10367468337978339,0.0,0.008909874256323834,0.0,0.04082795669952308,0.0,0.0,0.0,0.026740941397242052,0.0,0.0,0.07649506373490363,0.0,0.0638003561172007,0.04858010619006087,0.0
99,support_relevance_centrality,7,0.6876863024827614,0.0,0.0,8.744668695245709e-05,0.0,0.06318420439100254,0.009182467019310279,1.8720575185380998e-06,2.5920796553373873e-06,0.005274570010774433,0.0026974667430539317,5.616172571089319e-06,0.13010591603236532,0.0,0.0,0.0,0.00036574723525783544,0.043412093077100235,0.0,0.005363336131892706,0.0,0.03915080151768577,0.0,0.0,0.0,0.007945047084155086,0.0,0.0,0.001479609434558254,0.0,0.0018344723459638227,0.0022204394974209185,0.0
100,confidence_relevance_centrality,7,0.530964922230652,0.0,0.0,0.00044156116142990475,0.0,0.08409744268728234,0.02662358291221778,2.3803838930199173e-05,3.5705762076391824e-05,0.006416708224916823,0.0060691491054884325,6.427037252560266e-05,0.09386206533479083,0.0,0.0,0.0,0.0009719887485973469,0.1131777385209286,0.0,0.007786562599986847,0.0,0.09837175431325833,0.0,0.0,0.0,0.012000617174977817,0.0,0.0,0.006282224364517591,0.0,0.005622463199882427,0.007187439447540789,0.0
101,lift_relevance_centrality,7,0.3864390650027738,0.0,0.0,0.0003252210671098466,0.0,0.07387274369993317,0.047712541614132416,3.066395767759551e-05,3.7603828333637906e-05,0.004319486599517613,0.007055588890833657,0.00012609603453513687,0.0624506678115578,0.0,0.0,0.0,0.0007769276526638445,0.18589639911981884,0.0,0.0071126963061481,0.0,0.1777482947272714,0.0,0.0,0.0,0.008502939892294052,0.0,0.0,0.01266547678787243,0.0,0.011260068259441458,0.013667518748085175,0.0
102,equal_relevance_centrality,7,0.530964922230652,0.0,0.0,0.00044156116142990475,0.0,0.08409744268728234,0.02662358291221778,2.3803838930199173e-05,3.5705762076391824e-05,0.006416708224916823,0.0060691491054884325,6.427037252560266e-05,0.09386206533479083,0.0,0.0,0.0,0.0009719887485973469,0.1131777385209286,0.0,0.007786562599986847,0.0,0.09837175431325833,0.0,0.0,0.0,0.012000617174977817,0.0,0.0,0.006282224364517591,0.0,0.005622463199882427,0.007187439447540789,0.0
103,relevance_relevance_centrality,7,0.6078611764593815,0.0,0.0,7.650149392944397e-05,0.0,0.06317469122225135,0.02173599563318002,2.237903234981579e-06,2.829056688890252e-06,0.00450964381644077,0.002432790370698545,1.530322297033779e-05,0.1111006340574356,0.0,0.0,0.0,0.00031865557658457055,0.07649102742538381,0.0,0.004754707138163666,0.0,0.08552182174624592,0.0,0.0,0.0,0.006891446723212604,0.0,0.0,0.004061102191304263,0.0,0.005040022168548865,0.006009413794344823,0.0
104,perm,8,1.1612903225806428,0.0,0.0,-0.22580645161290253,0.0,0.0,0.0,0.0,0.0,0.0,0.032258064516129,0.064516129032258,-0.06451612903225779,0.0,0.0,0.161290322580645,0.0,0.0,0.16129032258064493,-0.29032258064516037,0.0,0.0,0.225806451612903,0.0,-0.16129032258064466,0.2580645161290319,0.0,-0.1290322580645157,0.0,0.0,0.0,0.19354838709677397,-0.3870967741935473
105,gini,8,0.17162082471760523,0.0,0.0,0.04700498293758933,0.0,0.035821520770348635,0.03876387467878742,0.0,0.0,0.0,0.10679778651521708,0.02998224427683181,0.06958905148203991,0.0,0.0,0.05077035317184532,0.0,0.026343648648452,0.040992490654696526,0.04629306614634702,0.0,0.0,0.035022252158169336,0.0,0.05600613767776525,0.04386682451632155,0.04049845350736084,0.03190832272778549,0.0,0.0,0.0404064799714287,0.02588652421723453,0.06242516122417431
106,shap,8,0.2572933998853702,0.0,0.0,0.04390023543971039,0.0,0.032220051676989936,0.03961971321521116,0.0,0.0,0.0,0.040128509378524774,0.029943374598169727,0.07966369869232166,0.0,0.0,0.031855046290045826,0.0,0.0,0.06028124874318629,0.04031654240714578,0.0,0.0,0.024167804027916417,0.0,0.06276577746675639,0.09604296370724467,0.015471818510955051,0.010563044840351175,0.0,0.0,0.020868926806870858,0.02324975943304243,0.09164808488018744
107,support_impurity_centrality,8,0.19135493341855647,0.0,0.0,0.05471009377699609,0.0,0.01718131921181672,0.0355431280011921,0.0,0.0,0.0,0.02870708541854449,0.014467537611449562,0.145215278320802,0.0,0.0,0.05982863340900923,0.0,0.012109991115396342,0.04397289470800519,0.010302695366310493,0.0,0.0,0.04018659361022839,0.0,0.07868899725925228,0.040385302603773605,0.007184555276791561,0.025388286540003042,0.0,0.0,0.017841651110671843,0.02144791479726984,0.15548310844393076
108,confidence_impurity_centrality,8,0.18078931364165385,0.0,0.0,0.04723912002885554,0.0,0.020714192064909938,0.06284205460642905,0.0,0.0,0.0,0.042566918039699544,0.008037328996933032,0.09777788316880952,0.0,0.0,0.11031905119120482,0.0,0.003072858251119195,0.07388577902778744,0.01729951572338528,0.0,0.0,0.05185385378374244,0.0,0.03452346775610004,0.030761541864307896,0.0020049567525290404,0.0527972289094421,0.0,0.0,0.008058564311746414,0.04355236924673795,0.11190400263460659
109,lift_impurity_centrality,8,0.17447211455716477,0.0,0.0,0.054878616890555225,0.0,0.026652019656332748,0.07330338988136179,0.0,0.0,0.0,0.029291067438523593,0.009179053824303446,0.10228868275388894,0.0,0.0,0.10682689216474686,0.0,0.0015660244072004236,0.08202036612602959,0.02316459217433338,0.0,0.0,0.03963208386759864,0.0,0.03777559124354523,0.036706928304705844,0.0008720117742813633,0.0535310484199289,0.0,0.0,0.008457031908574974,0.035471198287526984,0.1039112863193971
110,equal_impurity_centrality,8,0.18138233677439367,0.0,0.0,0.04677974940977198,0.0,0.020512759624448283,0.06223095529908793,0.0,0.0,0.0,0.04215298163528661,0.00997812358894936,0.09805434226148266,0.0,0.0,0.10924626806545103,0.0,0.0030429766445966688,0.07316728647261848,0.017131288854577334,0.0,0.0,0.051349607792285444,0.0,0.03516945382274958,0.03046240529018162,0.0022718659751067905,0.05228380919046318,0.0,0.0,0.009657921148841734,0.04312884995147571,0.11199701819823168
111,relevance_impurity_centrality,8,0.21039459868380622,0.0,0.0,0.04884525697585089,0.0,0.013550084567008399,0.042586980646452145,0.0,0.0,0.0,0.017671035889095434,0.014367874235531571,0.16959279125814175,0.0,0.0,0.06444823447660644,0.0,0.004679765128646216,0.05277172767278302,0.010128508356157669,0.0,0.0,0.030173740834644698,0.0,0.08156330697839873,0.031759961040806715,0.0027405222741488317,0.023835013237847612,0.0,0.0,0.017356007020055006,0.011825715290668382,0.15170887543335035
112,support_relevance_centrality,8,0.47430873999574025,0.0,0.0,0.0027104319618237193,0.0,0.006960515861271774,0.01548468541606235,0.0,0.0,0.0,0.007525562179608986,0.0017400421426462238,0.21278744874651137,0.0,0.0,4.841706679929968e-05,0.0,0.004170071346890957,0.1497577369275712,0.013522499449221072,0.0,0.0,0.00018004916174017995,0.0,0.014914409745336199,0.021507347266463844,0.0083122120214277,1.061828398755438e-05,0.0,0.0,0.005069825834947166,7.704026711187145e-06,0.060981682565239
113,confidence_relevance_centrality,8,0.3776108763844451,0.0,0.0,0.008160925147833592,0.0,0.008478154221306333,0.022246123343573794,0.0,0.0,0.0,0.012907233678248939,0.00506573056937988,0.2656882630729262,0.0,0.0,0.00031584807253103866,0.0,0.005419815567958068,0.10301748209349888,0.017249265297771973,0.0,0.0,0.0010967314146699762,0.0,0.03723725310602714,0.029755364430692356,0.010189125319012452,0.0001236511637133454,0.0,0.0,0.010917552770385796,8.265811196115848e-05,0.08443794623406395
114,lift_relevance_centrality,8,0.3567394406297731,0.0,0.0,0.010731165964314563,0.0,0.007966900089646182,0.023779275798728444,0.0,0.0,0.0,0.019869052532320998,0.011455841593337415,0.24384547681204513,0.0,0.0,0.0008120028650806939,0.0,0.0052044447135305314,0.0884287681682573,0.016044324996752422,0.0,0.0,0.0025924561026062338,0.0,0.04563134841507365,0.03316209139606754,0.00866020495292218,0.0003027510236472234,0.0,0.0,0.028113202584965434,0.0001332571909124226,0.09652799417001856
115,equal_relevance_centrality,8,0.3771969353101792,0.0,0.0,0.008123430750086367,0.0,0.00843920235239716,0.022143916181779248,0.0,0.0,0.0,0.012847932931754881,0.006297938204840445,0.26489929628379266,0.0,0.0,0.000314396946213293,0.0,0.0053949148714144204,0.10254418055248957,0.017170015604605286,0.0,0.0,0.001091692612924021,0.0,0.03757803419387852,0.02961865695588183,0.010142312597355667,0.00012308306318182583,0.0,0.0,0.011268727784108807,8.227834911923005e-05,0.08472305445399758
116,relevance_relevance_centrality,8,0.46058807277996183,0.0,0.0,0.0032805569167806536,0.0,0.0066392926234830445,0.01530201457940973,0.0,0.0,0.0,0.008325139310354127,0.00431190963743771,0.20915923236467085,0.0,0.0,0.00014270405456574828,0.0,0.003962665621162067,0.14140697537257763,0.012889408856855258,0.0,0.0,0.0004863755819213908,0.0,0.021177231098422004,0.021773688476654576,0.00784198973598396,2.8857596218565528e-05,0.0,0.0,0.014641514774595991,1.0270832774026658e-05,0.06803209978617084
117,perm,9,-1.9999999999999793,0.0,0.0,0.0,0.0,0.0,-0.3333333333333299,0.0,0.0,0.0,0.0,-0.3333333333333292,5.333333333333286,0.0,0.0,0.0,0.0,0.0,-3.9999999999999614,-1.3333333333333195,3.6666666666666337,0.0,0.0,0.0,0.0,0.0,0.0,0.0,0.0,0.0,0.0,0.0,0.0
118,gini,9,0.2015616997520107,0.0,0.0,0.0,0.0,0.0,0.11858632587705442,0.0,0.0,0.0,0.0759518803665732,0.17559457841367504,0.22656014080345116,0.0,0.0,0.0,0.0,0.0,0.05508041833297555,0.0996577642147067,0.04700719223955327,0.0,0.0,0.0,0.0,0.0,0.0,0.0,0.0,0.0,0.0,0.0,0.0
119,shap,9,0.2598746241226593,0.0,0.0,0.0,0.0,0.0,0.09208194693632717,0.0,0.0,0.0,0.013828996564774678,0.17576089621731736,0.17589941770761272,0.0,0.0,0.0,0.0,0.0,0.056589106382352435,0.09679810135683269,0.12916691071212363,0.0,0.0,0.0,0.0,0.0,0.0,0.0,0.0,0.0,0.0,0.0,0.0
120,support_impurity_centrality,9,0.31348992647668605,0.0,0.0,0.0,0.0,0.0,0.03313523034419024,0.0,0.0,0.0,0.027616778072408824,0.19821670774518232,0.27709816080567645,0.0,0.0,0.0,0.0,0.0,0.0805064187476183,0.05209027995934036,0.017846497848897455,0.0,0.0,0.0,0.0,0.0,0.0,0.0,0.0,0.0,0.0,0.0,0.0
121,confidence_impurity_centrality,9,0.3025742432587147,0.0,0.0,0.0,0.0,0.0,0.035818593859040314,0.0,0.0,0.0,0.006518634278685113,0.21760482500046466,0.2755336006825863,0.0,0.0,0.0,0.0,0.0,0.09155149250102179,0.0589818729849831,0.011416737434503886,0.0,0.0,0.0,0.0,0.0,0.0,0.0,0.0,0.0,0.0,0.0,0.0
122,lift_impurity_centrality,9,0.32531556785686394,0.0,0.0,0.0,0.0,0.0,0.027518478554497607,0.0,0.0,0.0,0.0029429513697067145,0.18328479361581346,0.31065358009528105,0.0,0.0,0.0,0.0,0.0,0.09954170185354752,0.0392437960587503,0.0114991305955392,0.0,0.0,0.0,0.0,0.0,0.0,0.0,0.0,0.0,0.0,0.0,0.0
123,equal_impurity_centrality,9,0.29153122343810783,0.0,0.0,0.0,0.0,0.0,0.043104895800255935,0.0,0.0,0.0,0.006267485047711901,0.21744559349410328,0.2647419984465078,0.0,0.0,0.0,0.0,0.0,0.09091747583386384,0.07070523530325855,0.015286092636190764,0.0,0.0,0.0,0.0,0.0,0.0,0.0,0.0,0.0,0.0,0.0,0.0
124,relevance_impurity_centrality,9,0.3244505924943352,0.0,0.0,0.0,0.0,0.0,0.021549842703944992,0.0,0.0,0.0,0.010045483833387577,0.1811791866704845,0.3187193933164553,0.0,0.0,0.0,0.0,0.0,0.09704859287792597,0.035918301001443734,0.01108860710202267,0.0,0.0,0.0,0.0,0.0,0.0,0.0,0.0,0.0,0.0,0.0,0.0
125,support_relevance_centrality,9,0.6826798663861775,0.0,0.0,0.0,0.0,0.0,0.0016793567411260515,0.0,0.0,0.0,0.05396234267180994,0.006476683042406111,0.03397542590423237,0.0,0.0,0.0,0.0,0.0,0.0006902928440473616,0.0020050144178394838,0.21853101799236122,0.0,0.0,0.0,0.0,0.0,0.0,0.0,0.0,0.0,0.0,0.0,0.0
126,confidence_relevance_centrality,9,0.6334143840236955,0.0,0.0,0.0,0.0,0.0,0.008544897691525352,0.0,0.0,0.0,0.052160544267053105,0.027425735189108673,0.05621175527873043,0.0,0.0,0.0,0.0,0.0,0.0029109583827199477,0.009011695952285651,0.21032002921488127,0.0,0.0,0.0,0.0,0.0,0.0,0.0,0.0,0.0,0.0,0.0,0.0
127,lift_relevance_centrality,9,0.5786486857519918,0.0,0.0,0.0,0.0,0.0,0.0175336826300705,0.0,0.0,0.0,0.050797662987098896,0.062126326275840055,0.06078227452877041,0.0,0.0,0.0,0.0,0.0,0.007345532658070327,0.015371977351751486,0.20739385781640648,0.0,0.0,0.0,0.0,0.0,0.0,0.0,0.0,0.0,0.0,0.0,0.0
128,equal_relevance_centrality,9,0.6264906255730731,0.0,0.0,0.0,0.0,0.0,0.011396128614838632,0.0,0.0,0.0,0.0509067273232866,0.0261936606523546,0.05429796617906071,0.0,0.0,0.0,0.0,0.0,0.002788035971307284,0.01180738674701049,0.21611946893906855,0.0,0.0,0.0,0.0,0.0,0.0,0.0,0.0,0.0,0.0,0.0,0.0
129,relevance_relevance_centrality,9,0.6681208099150313,0.0,0.0,0.0,0.0,0.0,0.0036899226950102768,0.0,0.0,0.0,0.05154376938876763,0.01870527433100618,0.036916632636256635,0.0,0.0,0.0,0.0,0.0,0.0022192700802657252,0.004285262974598943,0.2145190579790633,0.0,0.0,0.0,0.0,0.0,0.0,0.0,0.0,0.0,0.0,0.0,0.0
