,method,fold,deg-malig,age_20-29,age_30-39,age_40-49,age_50-59,age_60-69,age_70-79,menopause_ge40,menopause_lt40,menopause_premeno,tumor-size_0-4,tumor-size_14-Oct,tumor-size_15-19,tumor-size_20-24,tumor-size_25-29,tumor-size_30-34,tumor-size_35-39,tumor-size_40-44,tumor-size_45-49,tumor-size_50-54,tumor-size_9-May,inv-nodes_0-2,inv-nodes_11-Sep,inv-nodes_14-Dec,inv-nodes_15-17,inv-nodes_24-26,inv-nodes_5-Mar,inv-nodes_8-Jun,node-caps_no,node-caps_yes,breast_left,breast_right,breast-quad_central,breast-quad_left_low,breast-quad_left_up,breast-quad_right_low,breast-quad_right_up,irradiat_no,irradiat_yes
0,perm,0,0.3333333333333333,0.0,0.0,0.0,0.0,-0.2666666666666663,0.0,0.0,0.0,0.0,0.0,0.0,0.0,0.0,0.0,0.0,0.0,0.0,0.0,0.0,0.0,0.0,0.0,0.0,0.0,0.0,0.19999999999999973,0.0,0.0,0.7333333333333333,0.0,0.0,0.0,0.0,0.0,0.0,0.0,0.0,0.0
1,gini,0,0.34652980494148955,0.0,0.0,0.0,0.0,0.10935574127748875,0.0,0.04600533688308862,0.0,0.0,0.0,0.1116699549976634,0.0,0.0,0.0,0.0,0.0,0.0,0.0,0.0,0.0,0.0,0.0,0.0,0.0,0.0,0.11770539734223534,0.0822195889048109,0.0,0.09875115615982914,0.0,0.0,0.0,0.0,0.051948917075603916,0.03581410241779026,0.0,0.0,0.0
2,shap,0,0.42002819512086664,0.0,0.0,0.0,0.0,0.05445637628088975,0.0,0.11798017509083324,0.0,0.0,0.0,0.0952729806415555,0.0,0.0,0.0,0.0,0.0,0.0,0.0,0.0,0.0,0.0,0.0,0.0,0.0,0.0,0.09983311678088606,0.002850777866614158,0.0,0.10429188289799386,0.0,0.0,0.0,0.0,0.046361473052970156,0.058925022267390596,0.0,0.0,0.0
3,support_impurity_centrality,0,0.30294947482997736,0.0,0.0,0.0,0.0,0.07386012536842998,0.0,0.007376097395327528,0.0,0.0,0.0,0.010636591663615413,0.0,0.0,0.0,0.0,0.0,0.0,0.0,0.0,0.0,0.0,0.0,0.0,0.0,0.0,0.10445519021861989,0.04122419998897907,0.0,0.288069114844358,0.0,0.0,0.0,0.0,0.15059919434736802,0.020830011343324777,0.0,0.0,0.0
4,confidence_impurity_centrality,0,0.17414098362782593,0.0,0.0,0.0,0.0,0.03180606288190281,0.0,0.0006943752848470967,0.0,0.0,0.0,0.001150947847402743,0.0,0.0,0.0,0.0,0.0,0.0,0.0,0.0,0.0,0.0,0.0,0.0,0.0,0.0,0.13616405794300623,0.04244474165348569,0.0,0.360183724503425,0.0,0.0,0.0,0.0,0.19850050734965066,0.054914598908453925,0.0,0.0,0.0
5,lift_impurity_centrality,0,0.23446504667175147,0.0,0.0,0.0,0.0,0.04453808937552566,0.0,0.00045589198367437035,0.0,0.0,0.0,0.0007556123702162101,0.0,0.0,0.0,0.0,0.0,0.0,0.0,0.0,0.0,0.0,0.0,0.0,0.0,0.0,0.11914380735180727,0.04972772694073236,0.0,0.2923674563319203,0.0,0.0,0.0,0.0,0.17643550431248756,0.08211086466188484,0.0,0.0,0.0
6,equal_impurity_centrality,0,0.17961077544839432,0.0,0.0,0.0,0.0,0.03506222034787695,0.0,0.0008790515481093161,0.0,0.0,0.0,0.001405270983128166,0.0,0.0,0.0,0.0,0.0,0.0,0.0,0.0,0.0,0.0,0.0,0.0,0.0,0.0,0.14516375220929964,0.04053553300296204,0.0,0.35204657878726164,0.0,0.0,0.0,0.0,0.192532154145161,0.05276466352780707,0.0,0.0,0.0
7,relevance_impurity_centrality,0,0.34840087939797837,0.0,0.0,0.0,0.0,0.08071861495401446,0.0,0.0032294264046766803,0.0,0.0,0.0,0.00459359889394861,0.0,0.0,0.0,0.0,0.0,0.0,0.0,0.0,0.0,0.0,0.0,0.0,0.0,0.0,0.07921943229177024,0.027169427207465582,0.0,0.26520938510459635,0.0,0.0,0.0,0.0,0.17505735256913715,0.016401883176412592,0.0,0.0,0.0
8,support_relevance_centrality,0,0.5020209855404372,0.0,0.0,0.0,0.0,0.010350293739391586,0.0,0.40601295264110865,0.0,0.0,0.0,0.029186461595817736,0.0,0.0,0.0,0.0,0.0,0.0,0.0,0.0,0.0,0.0,0.0,0.0,0.0,0.0,0.006412906366687841,0.0002723406676457769,0.0,0.02439053049973569,0.0,0.0,0.0,0.0,0.0006960643656709093,0.020657464583504623,0.0,0.0,0.0
9,confidence_relevance_centrality,0,0.43789906011653346,0.0,0.0,0.0,0.0,0.020260055917462216,0.0,0.35824083552953034,0.0,0.0,0.0,0.07582276224916178,0.0,0.0,0.0,0.0,0.0,0.0,0.0,0.0,0.0,0.0,0.0,0.0,0.0,0.0,0.012177060249769367,0.001074229919480817,0.0,0.045380773807702994,0.0,0.0,0.0,0.0,0.002874559387614254,0.046270662822744765,0.0,0.0,0.0
10,lift_relevance_centrality,0,0.43409474476523063,0.0,0.0,0.0,0.0,0.02630887183768151,0.0,0.3433401384035991,0.0,0.0,0.0,0.07270572523156604,0.0,0.0,0.0,0.0,0.0,0.0,0.0,0.0,0.0,0.0,0.0,0.0,0.0,0.0,0.014533906446603176,0.0010803031632548332,0.0,0.05713003595059918,0.0,0.0,0.0,0.0,0.006417980439910338,0.044388293761555175,0.0,0.0,0.0
11,equal_relevance_centrality,0,0.4599663883888596,0.0,0.0,0.0,0.0,0.02297001027392445,0.0,0.3530701573067744,0.0,0.0,0.0,0.060496522684741066,0.0,0.0,0.0,0.0,0.0,0.0,0.0,0.0,0.0,0.0,0.0,0.0,0.0,0.0,0.013223637095740782,0.0008570932100698726,0.0,0.048604909998842545,0.0,0.0,0.0,0.0,0.0023046276818570587,0.03850665335919019,0.0,0.0,0.0
12,relevance_relevance_centrality,0,0.4771600488818844,0.0,0.0,0.0,0.0,0.012662966039534469,0.0,0.41073179863718945,0.0,0.0,0.0,0.03594598885069096,0.0,0.0,0.0,0.0,0.0,0.0,0.0,0.0,0.0,0.0,0.0,0.0,0.0,0.0,0.0070576357299083695,0.0003365431655575398,0.0,0.030304196758485627,0.0,0.0,0.0,0.0,0.0020027708844714805,0.023798051052277693,0.0,0.0,0.0
13,perm,1,-0.035714285714285615,-0.0,-0.0,-0.0,-0.0,-0.0,-0.0,-0.0,-0.0,-0.0,-0.0,-0.0,-0.0,-0.0,-0.0,-0.0,-0.0,-0.0,-0.0,-0.0,-0.0,0.678571428571428,0.3571428571428574,-0.0,-0.0,-0.0,-0.0,-0.0,-0.0,-0.0,-0.0,-0.0,-0.0,-0.0,-0.0,-0.0,1.1498738469331962e-16,-0.0,-0.0
14,gini,1,0.184760468599574,0.0,0.0,0.0,0.0,0.0,0.0,0.0,0.0,0.04679325869556835,0.0,0.13090673226346594,0.0,0.0,0.0,0.0,0.0,0.0,0.0,0.0,0.0,0.34289064096555977,0.03910320018026659,0.0,0.0,0.0,0.0,0.07517077826298009,0.0,0.0,0.0,0.0,0.03309605719938536,0.0,0.0,0.058953682780335345,0.08832518105286456,0.0,0.0
15,shap,1,0.2662441247148855,0.0,0.0,0.0,0.0,0.0,0.0,0.0,0.0,0.09234658586738637,0.0,0.17213753793341952,0.0,0.0,0.0,0.0,0.0,0.0,0.0,0.0,0.0,0.23470635923247024,0.056311683037045195,0.0,0.0,0.0,0.0,0.010899783857595702,0.0,0.0,0.0,0.0,0.01958912249037741,0.0,0.0,0.1003969729761846,0.04736782989063537,0.0,0.0
16,support_impurity_centrality,1,0.42492092041684815,0.0,0.0,0.0,0.0,0.0,0.0,0.0,0.0,0.018884451045298345,0.0,0.00843945654370002,0.0,0.0,0.0,0.0,0.0,0.0,0.0,0.0,0.0,0.13042354455615696,0.125976489340996,0.0,0.0,0.0,0.0,0.03785872998247873,0.0,0.0,0.0,0.0,0.11517144741816528,0.0,0.0,0.005047470601592985,0.13327749009476356,0.0,0.0
17,confidence_impurity_centrality,1,0.30178689685789517,0.0,0.0,0.0,0.0,0.0,0.0,0.0,0.0,0.006386142136304587,0.0,0.0020671323741853977,0.0,0.0,0.0,0.0,0.0,0.0,0.0,0.0,0.0,0.07349748412475787,0.14440999728701734,0.0,0.0,0.0,0.0,0.024944517208793652,0.0,0.0,0.0,0.0,0.09635859318234409,0.0,0.0,0.002074944839356737,0.34847429198934515,0.0,0.0
18,lift_impurity_centrality,1,0.33355225767329044,0.0,0.0,0.0,0.0,0.0,0.0,0.0,0.0,0.0035271253232776194,0.0,0.0011418815400961696,0.0,0.0,0.0,0.0,0.0,0.0,0.0,0.0,0.0,0.05065392152833793,0.1345488610934948,0.0,0.0,0.0,0.0,0.03277609115652239,0.0,0.0,0.0,0.0,0.12531323991101687,0.0,0.0,0.0011462511751080537,0.3173403705988558,0.0,0.0
19,equal_impurity_centrality,1,0.2973442638366244,0.0,0.0,0.0,0.0,0.0,0.0,0.0,0.0,0.009399404340820185,0.0,0.003320544082816648,0.0,0.0,0.0,0.0,0.0,0.0,0.0,0.0,0.0,0.08292149812473243,0.1517780703688698,0.0,0.0,0.0,0.0,0.025165762838476432,0.0,0.0,0.0,0.0,0.09157353841378488,0.0,0.0,0.002007214152685268,0.33648970384119,0.0,0.0
20,relevance_impurity_centrality,1,0.445153406945199,0.0,0.0,0.0,0.0,0.0,0.0,0.0,0.0,0.009982359156167788,0.0,0.004029448147510767,0.0,0.0,0.0,0.0,0.0,0.0,0.0,0.0,0.0,0.0888007945549673,0.09723808560745537,0.0,0.0,0.0,0.0,0.051504800345951444,0.0,0.0,0.0,0.0,0.1588474708802494,0.0,0.0,0.002544869345187215,0.14189876501731172,0.0,0.0
21,support_relevance_centrality,1,0.5473988878736351,0.0,0.0,0.0,0.0,0.0,0.0,0.0,0.0,0.004462393476688245,0.0,0.03475310864463516,0.0,0.0,0.0,0.0,0.0,0.0,0.0,0.0,0.0,0.40760554248732833,0.0019124637647484712,0.0,0.0,0.0,0.0,0.00023118914154425204,0.0,0.0,0.0,0.0,2.7352624754569447e-05,0.0,0.0,0.0016854788689785749,0.0019235831176873258,0.0,0.0
22,confidence_relevance_centrality,1,0.4542113045223876,0.0,0.0,0.0,0.0,0.0,0.0,0.0,0.0,0.015512891839838231,0.0,0.12482885302977235,0.0,0.0,0.0,0.0,0.0,0.0,0.0,0.0,0.0,0.37677583174581936,0.007112007241407429,0.0,0.0,0.0,0.0,0.002029873275087032,0.0,0.0,0.0,0.0,0.00035710728112649286,0.0,0.0,0.012108061823904316,0.007064069240657165,0.0,0.0
23,lift_relevance_centrality,1,0.4440299224407994,0.0,0.0,0.0,0.0,0.0,0.0,0.0,0.0,0.014185619982449212,0.0,0.11414919506794619,0.0,0.0,0.0,0.0,0.0,0.0,0.0,0.0,0.0,0.39705632750284514,0.007289487190088379,0.0,0.0,0.0,0.0,0.004420707512924948,0.0,0.0,0.0,0.0,0.0006114993775473247,0.0,0.0,0.01107216382660025,0.007185077098799137,0.0,0.0
24,equal_relevance_centrality,1,0.4659376813980559,0.0,0.0,0.0,0.0,0.0,0.0,0.0,0.0,0.016721639226733236,0.0,0.1002216006418837,0.0,0.0,0.0,0.0,0.0,0.0,0.0,0.0,0.0,0.3909006779406214,0.007172803756743072,0.0,0.0,0.0,0.0,0.0016297285746980643,0.0,0.0,0.0,0.0,0.00028671146491133896,0.0,0.0,0.009721224758615322,0.007407932237737983,0.0,0.0
25,relevance_relevance_centrality,1,0.5274928421821922,0.0,0.0,0.0,0.0,0.0,0.0,0.0,0.0,0.005497571644206069,0.0,0.046086510426722106,0.0,0.0,0.0,0.0,0.0,0.0,0.0,0.0,0.0,0.41300842725577547,0.0024160198384943184,0.0,0.0,0.0,0.0,0.0007301508286098131,0.0,0.0,0.0,0.0,8.333576962182807e-05,0.0,0.0,0.002235133560677632,0.0024500084937005622,0.0,0.0
26,perm,2,-0.812499999999993,-0.0,-0.0,0.9374999999999938,-0.0,4.0245584642661624e-16,-0.0,-0.0,-0.0,0.1249999999999993,-0.0,0.3749999999999977,-0.0,-0.0,-0.0,-0.0,0.06249999999999965,-0.2499999999999978,-0.0,-0.0,-0.0,0.2499999999999986,-0.06249999999999945,-0.0,-0.0,-0.0,-0.5624999999999951,-0.0,-0.0,-0.6249999999999946,-0.0,-0.0,-0.0,-0.0,0.06250000000000067,-0.0,-0.0,-0.0,1.4999999999999898
27,gini,2,0.15299357196204885,0.0,0.018088888273574112,0.01992179721005614,0.0,0.019754800914048024,0.0,0.07402524331243726,0.0,0.04931889096005128,0.0,0.0810696312316368,0.013067805761903372,0.0633559114032647,0.04300531439002442,0.023022655370751686,0.01178904568420353,0.03264719162492927,0.0,0.0,0.012934208799455076,0.06262578029137245,0.024329156192601287,0.0,0.0,0.0,0.02515005811801203,0.0,0.0,0.02152491252014115,0.02491642611645032,0.0,0.018129348642344126,0.014558303351355172,0.08455260830460903,0.03627720347857317,0.0,0.0,0.07294124608615668
28,shap,2,0.20058618993667035,0.0,0.00017639160681338272,0.03352737487353171,0.0,0.028128408476330673,0.0,0.08238515589342851,0.0,0.04997935047358787,0.0,0.051938820047487455,0.007795817327217809,0.026662801548094067,0.00947326696303289,0.01612426805876547,0.011648560150781334,0.012399292285305391,0.0,0.0,0.005841064718183232,0.05425805951188147,0.0004357910174109842,0.0,0.0,0.0,0.046681519923718114,0.0,0.0,0.07448291173244467,0.004503174001194271,0.0,0.008832550179699727,0.019185181236128186,0.0933070725699565,0.029375777033053396,0.0,0.0,0.13227120043528254
29,support_impurity_centrality,2,0.14239233439250376,0.0,0.022639598495526686,0.008115488949494017,0.0,0.09553584077189967,0.0,0.047643150885749,0.0,0.05166458957496231,0.0,0.007908104594115357,0.023333933497319707,0.03502787572868149,0.03667346636438892,0.011396047047402755,0.0035716400900575825,0.033386857289935644,0.0,0.0,0.003567319612024076,0.11509682230257437,0.016477803297015012,0.0,0.0,0.0,0.05693524518018608,0.0,0.0,0.09865561564791278,0.048334422425381704,0.0,0.007841438499480567,0.02022549379392854,0.040906358847107915,0.0018606098003397453,0.0,0.0,0.07080994291201233
30,confidence_impurity_centrality,2,0.11904962201011435,0.0,0.056452632885702694,0.0025897797967861774,0.0,0.1270144253665721,0.0,0.04792130481487975,0.0,0.047224335883040494,0.0,0.0010417226252035193,0.020802139253246747,0.05598533291947815,0.029786393244617515,0.019296362822940838,0.0006706028129990509,0.03234901910712534,0.0,0.0,0.0006591982907192546,0.07831994606853271,0.030238122821644193,0.0,0.0,0.0,0.03677030541876135,0.0,0.0,0.08741861915543338,0.08096436207737019,0.0,0.0027149791374743537,0.022436271036730102,0.0271402611015049,0.00018297396612330526,0.0,0.0,0.0729712873829994
31,lift_impurity_centrality,2,0.1448351921710332,0.0,0.056872676548991,0.0033316380501848064,0.0,0.12596842569833408,0.0,0.03423356140644919,0.0,0.04833774937864213,0.0,0.0011728829394661853,0.03192834954748852,0.06294906144146131,0.027816707199955198,0.029035847867570908,0.0009316716691073393,0.03615501082555166,0.0,0.0,0.0009243120610884128,0.06606592000159744,0.04516095173205889,0.0,0.0,0.0,0.03882847544988575,0.0,0.0,0.06463095263347837,0.0846390939280611,0.0,0.0038830704362064145,0.021722004944833825,0.020834763604742203,0.00011924123578172733,0.0,0.0,0.0496224392280303
32,equal_impurity_centrality,2,0.11960645771190835,0.0,0.055708371815880585,0.0035307437274440605,0.0,0.12559116316316327,0.0,0.04817954721910821,0.0,0.048077655778924665,0.0,0.0016339346157113726,0.0205278876971403,0.055310395066773904,0.029669395773198076,0.019041963144765427,0.0009574910953026324,0.031922535622872075,0.0,0.0,0.0009462623703012487,0.07769077184509984,0.029839469003562505,0.0,0.0,0.0,0.03628553251358859,0.0,0.0,0.08630417149909027,0.07989694290386289,0.0,0.0035381888221467407,0.022958520440767568,0.029188595574536593,0.0002048209585240938,0.0,0.0,0.07338918163632649
33,relevance_impurity_centrality,2,0.16966832012439678,0.0,0.023224523207638834,0.009615659546642051,0.0,0.09294887150320469,0.0,0.03614438183311393,0.0,0.04938084970582939,0.0,0.007475318036266065,0.03434787113878516,0.032532632454401904,0.02853419614803591,0.013000547890879406,0.005063701743660828,0.04448746355704871,0.0,0.0,0.005061023832491547,0.11102754809810535,0.01940908933068018,0.0,0.0,0.0,0.058773476913509363,0.0,0.0,0.0885105999884353,0.04460346235504363,0.0,0.010816269687307317,0.02058650938568846,0.03732816592880046,0.001040650516023626,0.0,0.0,0.056418867074011114
34,support_relevance_centrality,2,0.20147278646121652,0.0,4.456544430495205e-08,0.0007277372259125707,0.0,0.0013957299810492105,0.0,0.2581602133897873,0.0,0.0027454585926282547,0.0,0.1968181809530465,7.299834021692851e-06,0.05785372210463275,2.441299793622302e-05,0.00032496293975060967,0.001009560802919519,7.593966483463503e-06,0.0,0.0,0.0010094627589420481,0.0022901063614466557,0.00011866909632841177,0.0,0.0,0.0,9.81154727506512e-05,0.0,0.0,0.0007213911172788283,8.378319410070049e-07,0.0,9.305282894165901e-05,1.147116769337625e-05,0.09009643380566294,0.010396247105170581,0.0,0.0,0.17461650863901493
35,confidence_relevance_centrality,2,0.1724159541720776,0.0,1.3515161453534123e-06,0.0026711287647748464,0.0,0.0043240267694174975,0.0,0.19920849159311133,0.0,0.008394458909121352,0.0,0.23932772324615034,8.028005815380054e-05,0.04511439662073513,0.00021002559500706166,0.000863618719815511,0.0018345479064737148,6.162913535928077e-05,0.0,0.0,0.001831574657087838,0.007190563853497045,0.00045032517718993363,0.0,0.0,0.0,0.000743874178261441,0.0,0.0,0.0032031916282722166,1.7840012863125385e-05,0.0,0.0004257275377391905,0.00013758432562402143,0.07630893466704912,0.02627347372831493,0.0,0.0,0.20890927722775832
36,lift_relevance_centrality,2,0.1585166676770055,0.0,1.6876225535894093e-06,0.004337689536652135,0.0,0.004589085972576724,0.0,0.1604173217297719,0.0,0.011511993510910494,0.0,0.1944754856871121,0.00014295307087626048,0.03628639117046076,0.00025811182226086665,0.0007459146168421447,0.0034741767110025713,0.00011203525331408109,0.0,0.0,0.0034717856698525313,0.007089363713232495,0.00036277020059128056,0.0,0.0,0.0,0.0008481353417219312,0.0,0.0,0.004395390922627083,2.5760556744347436e-05,0.0,0.0007072996515496674,0.00019144213603873307,0.07737203973633829,0.021130178572232337,0.0,0.0,0.30953631911773216
37,equal_relevance_centrality,2,0.17214355174487708,0.0,1.1673940926002304e-06,0.003177166390350609,0.0,0.0037368163819879066,0.0,0.18581160508916478,0.0,0.008480094286990206,0.0,0.2075706987864405,6.934320834017336e-05,0.04113610640060435,0.00018141302991388136,0.0007459647413297958,0.0024321487067849408,5.3233169872100256e-05,0.0,0.0,0.002429580554755224,0.006507244431351797,0.000388975709545232,0.0,0.0,0.0,0.0006425334424052905,0.0,0.0,0.00277185205848305,1.5409601801596496e-05,0.0,0.0004622880054831503,0.00011977461757682947,0.08866163539804778,0.02269414104150551,0.0,0.0,0.24976725580829562
38,relevance_relevance_centrality,2,0.1836879244504289,0.0,6.416173616226564e-08,0.0013204494558232385,0.0,0.0014202916582735168,0.0,0.2305073305446125,0.0,0.003961812907884134,0.0,0.1837224097387774,1.5709711700430104e-05,0.052233114132259804,3.198937472767178e-05,0.0003032822923045546,0.0021541634022217105,1.654196463429263e-05,0.0,0.0,0.0021540724889577228,0.0025568631913734934,0.0001100616145917523,0.0,0.0,0.0,0.00012898103878391585,0.0,0.0,0.0013292867387659606,1.2108066963785806e-06,0.0,0.00019516020878296265,1.9849117763683532e-05,0.0834527942594776,0.00964017049108109,0.0,0.0,0.24103646624834116
39,perm,3,0.4324324324324326,-0.0,-0.0,-0.0,-0.0,-0.027027027027026997,-0.0,-0.0,-0.0,-0.0,-0.0,-0.0,-0.0,-0.0,-0.05405405405405404,-0.0,0.5405405405405407,0.21621621621621598,-0.0,-0.0,-0.0,-0.18918918918918917,-0.0,-0.0,-0.0,-0.0,-0.0,0.027027027027026997,0.18918918918918917,-0.0,-0.0,-0.027027027027026997,-0.0,-0.0,-0.0,-0.0,-0.10810810810810799,-0.0,-0.0
40,gini,3,0.3857208519789035,0.0,0.0,0.0,0.0,0.04222236958872475,0.0,0.0,0.05006039638545469,0.0,0.0,0.03342728726237519,0.0,0.0,0.0460617281256769,0.0,0.04520376147141151,0.054550662243059114,0.0,0.0,0.0,0.12887593954922716,0.0,0.0,0.0,0.0,0.0,0.037503580292103156,0.05801836619497645,0.0,0.0,0.04286123461954645,0.0,0.0,0.03799024199643803,0.0,0.037503580292103135,0.0,0.0
41,shap,3,0.2691075743537295,0.0,0.0,0.0,0.0,0.03183181053373042,0.0,0.0,0.01848357239857739,0.0,0.0,0.05536790368002422,0.0,0.0,0.054089830244748074,0.0,0.20658180283924027,0.04071193298717499,0.0,0.0,0.0,0.08415121916786063,0.0,0.0,0.0,0.0,0.0,0.028899143363190907,0.09716667834246089,0.0,0.0,0.0327268741810234,0.0,0.0,0.030776185772726825,0.0,0.0501054721355126,0.0,0.0
42,support_impurity_centrality,3,0.2961740754287624,0.0,0.0,0.0,0.0,0.02082876620432498,0.0,0.0,0.04618073037157691,0.0,0.0,0.005569441135753707,0.0,0.0,0.05893342949203415,0.0,0.013253100188690938,0.038511201529217644,0.0,0.0,0.0,0.06713311475351962,0.0,0.0,0.0,0.0,0.0,0.08382965452970197,0.16520426122843127,0.0,0.0,0.06328568622890827,0.0,0.0,0.021392183044020813,0.0,0.11970435586505734,0.0,0.0
43,confidence_impurity_centrality,3,0.1805603073795296,0.0,0.0,0.0,0.0,0.0034566813925294695,0.0,0.0,0.025738470084496312,0.0,0.0,0.00019194698663604714,0.0,0.0,0.038286881466064994,0.0,0.012212500310999701,0.023248256973684638,0.0,0.0,0.0,0.00870503549309156,0.0,0.0,0.0,0.0,0.0,0.12174344604818423,0.26858992132266907,0.0,0.0,0.06188463507180671,0.0,0.0,0.006247851377333983,0.0,0.2491340660929738,0.0,0.0
44,lift_impurity_centrality,3,0.20911201655792006,0.0,0.0,0.0,0.0,0.002782148143151477,0.0,0.0,0.022734476622481282,0.0,0.0,0.0001029740955813877,0.0,0.0,0.046979833890158994,0.0,0.013305644064236139,0.016049950484979147,0.0,0.0,0.0,0.006547017277175365,0.0,0.0,0.0,0.0,0.0,0.07103387712616699,0.2880281436496401,0.0,0.0,0.06930479908574969,0.0,0.0,0.003350453754519492,0.0,0.25066866524824,0.0,0.0
45,equal_impurity_centrality,3,0.18195559528183486,0.0,0.0,0.0,0.0,0.004823520948933631,0.0,0.0,0.027378451088369598,0.0,0.0,0.00022089384046584053,0.0,0.0,0.038348474808291115,0.0,0.011959673512372591,0.02445225004194604,0.0,0.0,0.0,0.011783883710125261,0.0,0.0,0.0,0.0,0.0,0.11927913546629772,0.2625570779135676,0.0,0.0,0.06628293788121595,0.0,0.0,0.007944659455719226,0.0,0.24301344605086064,0.0,0.0
46,relevance_impurity_centrality,3,0.3261260329651652,0.0,0.0,0.0,0.0,0.011388305236993718,0.0,0.0,0.02881885987884032,0.0,0.0,0.0021777116478296646,0.0,0.0,0.058300791807500696,0.0,0.00956520410130667,0.0405404979941486,0.0,0.0,0.0,0.04259831989923029,0.0,0.0,0.0,0.0,0.0,0.06144168258761206,0.19884534473555357,0.0,0.0,0.0729166797701365,0.0,0.0,0.01078862645800316,0.0,0.1364919429176796,0.0,0.0
47,support_relevance_centrality,3,0.5853458693842349,0.0,0.0,0.0,0.0,0.001770910035463134,0.0,0.0,5.907209952599695e-05,0.0,0.0,0.0056056882015503105,0.0,0.0,0.0013067619414686867,0.0,0.06073684767204486,0.0003034237035633547,0.0,0.0,0.0,0.010420735487362371,0.0,0.0,0.0,0.0,0.0,5.299322062057932e-05,0.33423844460767166,0.0,0.0,4.1194063656912306e-06,0.0,0.0,0.00015422576389786607,0.0,9.084762305302605e-07,0.0,0.0
48,confidence_relevance_centrality,3,0.5539064633288195,0.0,0.0,0.0,0.0,0.0070697301488973465,0.0,0.0,0.0005764727278191971,0.0,0.0,0.025454792685949957,0.0,0.0,0.005178873698435727,0.0,0.05988445484178599,0.0016080143978566182,0.0,0.0,0.0,0.04112787046784286,0.0,0.0,0.0,0.0,0.0,0.0007327311480549605,0.30282802373783874,0.0,0.0,0.00011651010628371332,0.0,0.0,0.0014659580089897675,0.0,5.0104701425545e-05,0.0,0.0
49,lift_relevance_centrality,3,0.5410280716615076,0.0,0.0,0.0,0.0,0.008356763948384685,0.0,0.0,0.0007861584804794382,0.0,0.0,0.024075012242298934,0.0,0.0,0.005944899244150972,0.0,0.06411186319818567,0.0034711822157239523,0.0,0.0,0.0,0.06235576500679434,0.0,0.0,0.0,0.0,0.0,0.0016316102484619874,0.2865008014330023,0.0,0.0,0.0002400897073402584,0.0,0.0,0.001386493831944537,0.0,0.000111288781725431,0.0,0.0
50,equal_relevance_centrality,3,0.5545070051863241,0.0,0.0,0.0,0.0,0.008173561486297196,0.0,0.0,0.0006285644826559706,0.0,0.0,0.02085770798298829,0.0,0.0,0.00567305249920997,0.0,0.05829680388727674,0.0017762417466137433,0.0,0.0,0.0,0.04664969045794471,0.0,0.0,0.0,0.0,0.0,0.0006004013666395244,0.30123826126660247,0.0,0.0,0.00010247547386507157,0.0,0.0,0.0014551782711299227,0.0,4.105589245225603e-05,0.0,0.0
51,relevance_relevance_centrality,3,0.580127973616945,0.0,0.0,0.0,0.0,0.002255074615758396,0.0,0.0,8.015960041289169e-05,0.0,0.0,0.0075927139363915494,0.0,0.0,0.0016222020881942552,0.0,0.059770368830069774,0.0009425908979925223,0.0,0.0,0.0,0.019407923849667,0.0,0.0,0.0,0.0,0.0,0.00017044826059415814,0.3278142817912833,0.0,0.0,1.2398868606127344e-05,0.0,0.0,0.00020095375903358227,0.0,2.909885051462596e-06,0.0,0.0
52,perm,4,0.26666666666666683,-0.0,-0.0,-0.0,-0.0,-0.0,-0.0,-0.0,-0.0,-0.0,-0.0,-0.0,-0.0,-0.0,-0.0,-0.0,-0.0,-0.0,-0.0,-0.0,-0.0,0.6666666666666662,-0.0,-0.0,-0.0,-0.0,-0.0,-0.0,-0.0,-0.0,-0.0,-0.0,-0.0,-0.0,-0.0,0.06666666666666692,-0.0,-0.0,-0.0
53,gini,4,0.32565869942854286,0.0,0.0,0.0,0.0,0.0,0.0,0.0,0.0,0.0,0.0,0.12963119741879173,0.0,0.07596004699602849,0.0,0.06131742317647224,0.0,0.08862214437869197,0.0,0.03145854966730148,0.0,0.13247574816040542,0.0,0.0,0.0,0.0,0.0,0.0,0.0,0.0821365432743058,0.0,0.0,0.0,0.03474582239216595,0.0,0.03799382510729394,0.0,0.0,0.0
54,shap,4,0.3429095907935152,0.0,0.0,0.0,0.0,0.0,0.0,0.0,0.0,0.0,0.0,0.07566947569613168,0.0,0.16354970371328104,0.0,0.012271222785194097,0.0,0.049346478226550625,0.0,0.07651883243133857,0.0,0.13978541524701052,0.0,0.0,0.0,0.0,0.0,0.0,0.0,0.050460115319455066,0.0,0.0,0.0,0.02009941714781149,0.0,0.06938974863971176,0.0,0.0,0.0
55,support_impurity_centrality,4,0.2427362000379031,0.0,0.0,0.0,0.0,0.0,0.0,0.0,0.0,0.0,0.0,0.012788940746040192,0.0,0.04649531108649188,0.0,0.05985916406713709,0.0,0.0534728523380618,0.0,0.003006702210400077,0.0,0.36914594286052543,0.0,0.0,0.0,0.0,0.0,0.0,0.0,0.038260207943005366,0.0,0.0,0.0,0.1650882023233308,0.0,0.009146476387104256,0.0,0.0,0.0
56,confidence_impurity_centrality,4,0.16206483458043466,0.0,0.0,0.0,0.0,0.0,0.0,0.0,0.0,0.0,0.0,0.0011064535523481463,0.0,0.0320971646554867,0.0,0.046414887879476126,0.0,0.07039116663790164,0.0,0.00018258687787455825,0.0,0.3377500515965114,0.0,0.0,0.0,0.0,0.0,0.0,0.0,0.03540861909282128,0.0,0.0,0.0,0.3049936200769657,0.0,0.00959061505017997,0.0,0.0,0.0
57,lift_impurity_centrality,4,0.21787704840260697,0.0,0.0,0.0,0.0,0.0,0.0,0.0,0.0,0.0,0.0,0.0007320137616911272,0.0,0.021224971160457635,0.0,0.07256533232072196,0.0,0.05670493701386975,0.0,0.000120804229492953,0.0,0.3197784560452947,0.0,0.0,0.0,0.0,0.0,0.0,0.0,0.03887934340271165,0.0,0.0,0.0,0.2588636037127153,0.0,0.013253489950437812,0.0,0.0,0.0
58,equal_impurity_centrality,4,0.17680545794024094,0.0,0.0,0.0,0.0,0.0,0.0,0.0,0.0,0.0,0.0,0.0012183779069040038,0.0,0.035268652465425716,0.0,0.05167761406618478,0.0,0.07246830737884669,0.0,0.00022105595854016714,0.0,0.334006974561882,0.0,0.0,0.0,0.0,0.0,0.0,0.0,0.03274159228900345,0.0,0.0,0.0,0.2866419586959042,0.0,0.008950008737068027,0.0,0.0,0.0
59,relevance_impurity_centrality,4,0.273866963549102,0.0,0.0,0.0,0.0,0.0,0.0,0.0,0.0,0.0,0.0,0.0044678709306947735,0.0,0.024916113789319384,0.0,0.08333292609338958,0.0,0.04936250982965628,0.0,0.0009528644058892848,0.0,0.35458448149907734,0.0,0.0,0.0,0.0,0.0,0.0,0.0,0.024223898395302642,0.0,0.0,0.0,0.17940163541644885,0.0,0.00489073609111989,0.0,0.0,0.0
60,support_relevance_centrality,4,0.9517306512116999,0.0,0.0,0.0,0.0,0.0,0.0,0.0,0.0,0.0,0.0,0.015198327094412403,0.0,7.489224417253408e-05,0.0,4.795113275200845e-05,0.0,7.911016582621498e-05,0.0,0.00011181952366866436,0.0,0.002165706594953567,0.0,0.0,0.0,0.0,0.0,0.0,0.0,7.918465304883085e-05,0.0,0.0,0.0,0.00021742307978793457,0.0,0.03029493429967795,0.0,0.0,0.0
61,confidence_relevance_centrality,4,0.8604098985881181,0.0,0.0,0.0,0.0,0.0,0.0,0.0,0.0,0.0,0.0,0.07490075718723944,0.0,0.0013181633556136462,0.0,0.0004923206526482028,0.0,0.0007952085667420125,0.0,0.0027553581848155334,0.0,0.01221167886654093,0.0,0.0,0.0,0.0,0.0,0.0,0.0,0.0006869269669739751,0.0,0.0,0.0,0.002026485147152555,0.0,0.04440320248415562,0.0,0.0,0.0
62,lift_relevance_centrality,4,0.8517966884734761,0.0,0.0,0.0,0.0,0.0,0.0,0.0,0.0,0.0,0.0,0.07365007659528391,0.0,0.0012961528795164567,0.0,0.0011529222801085928,0.0,0.0015025158817759186,0.0,0.002709349664541338,0.0,0.018729424409966236,0.0,0.0,0.0,0.0,0.0,0.0,0.0,0.000728623578944649,0.0,0.0,0.0,0.004723576297725979,0.0,0.043710669938660816,0.0,0.0,0.0
63,equal_relevance_centrality,4,0.8806037004391598,0.0,0.0,0.0,0.0,0.0,0.0,0.0,0.0,0.0,0.0,0.057152113942975404,0.0,0.0010058085542067204,0.0,0.0003756593002964158,0.0,0.0007754134645462354,0.0,0.0021024426300341272,0.0,0.01539824058539467,0.0,0.0,0.0,0.0,0.0,0.0,0.0,0.0005241512871339515,0.0,0.0,0.0,0.0017164033789918555,0.0,0.04034606641726084,0.0,0.0,0.0
64,relevance_relevance_centrality,4,0.9339030432272282,0.0,0.0,0.0,0.0,0.0,0.0,0.0,0.0,0.0,0.0,0.027562331047266585,0.0,0.0001358178971853778,0.0,0.00020710186563345989,0.0,0.00031810959273898286,0.0,0.00020278591911669606,0.0,0.004981001419684256,0.0,0.0,0.0,0.0,0.0,0.0,0.0,0.00014439812243256027,0.0,0.0,0.0,0.0009296572369189347,0.0,0.031615753671795005,0.0,0.0,0.0
65,perm,5,1.833333333333355,-0.0,-0.0,-0.0,-1.1666666666666843,1.333333333333349,-0.0,-0.0,1.333333333333349,-0.0,-0.0,0.16666666666666863,0.33333333333333726,-0.0,-0.0,-0.0,-0.0,-0.0,-0.0,-0.0,-0.0,-2.1666666666666976,-0.0,-0.0,-0.0,-0.0,-0.0,-0.0,-0.0,-0.0,-0.0,-0.6666666666666767,-0.0,-0.0,-0.0,-0.0,-0.0,-0.0,-0.0
66,gini,5,0.3390033248272369,0.0,0.0,0.0,0.06992420857416623,0.052123716914454034,0.0,0.0,0.0406217450336343,0.09445496038492049,0.0,0.03185797966989628,0.0277581924396501,0.0,0.0,0.0,0.0,0.0,0.029157765167699728,0.0338385584026211,0.0,0.1900347565646817,0.0,0.0,0.0,0.0,0.0,0.04069526855405716,0.0,0.0,0.0,0.05052952346698212,0.0,0.0,0.0,0.0,0.0,0.0,0.0
67,shap,5,0.27115566068430436,0.0,0.0,0.0,0.060661001968387446,0.07385715139754263,0.0,0.0,0.06734694522017891,0.07252143780897848,0.0,0.08458777112213103,0.02060816575266439,0.0,0.0,0.0,0.0,0.0,0.000562951408914237,0.0034481637971002545,0.0,0.23910199195324205,0.0,0.0,0.0,0.0,0.0,0.024213818869277263,0.0,0.0,0.0,0.08193494001727898,0.0,0.0,0.0,0.0,0.0,0.0,0.0
68,support_impurity_centrality,5,0.2784967016048846,0.0,0.0,0.0,0.08269807482172951,0.12557074283342273,0.0,0.0,0.006934456299725228,0.07682030314761228,0.0,0.015977849170398135,0.024636912730821692,0.0,0.0,0.0,0.0,0.0,0.09098738398906059,0.01997508868718123,0.0,0.18326151727066356,0.0,0.0,0.0,0.0,0.0,0.027152569867443764,0.0,0.0,0.0,0.06748839957705667,0.0,0.0,0.0,0.0,0.0,0.0,0.0
69,confidence_impurity_centrality,5,0.2998833512070282,0.0,0.0,0.0,0.11611998185938345,0.09541920795640182,0.0,0.0,0.0030509969834867394,0.04073856098207087,0.0,0.036807847392853386,0.04517528817377739,0.0,0.0,0.0,0.0,0.0,0.10113607216325919,0.019822525492336315,0.0,0.1500246962721606,0.0,0.0,0.0,0.0,0.0,0.024391672662530832,0.0,0.0,0.0,0.06742979885471131,0.0,0.0,0.0,0.0,0.0,0.0,0.0
70,lift_impurity_centrality,5,0.33048516146573464,0.0,0.0,0.0,0.11236186738796208,0.06034530690001588,0.0,0.0,0.0035042090567275713,0.02145317946904004,0.0,0.04596435057832208,0.04154268017344634,0.0,0.0,0.0,0.0,0.0,0.12635196144935237,0.01886759734444596,0.0,0.13241067740543366,0.0,0.0,0.0,0.0,0.0,0.030574154804618142,0.0,0.0,0.0,0.07613885396490137,0.0,0.0,0.0,0.0,0.0,0.0,0.0
71,equal_impurity_centrality,5,0.3004044667963976,0.0,0.0,0.0,0.12158650007346121,0.0911647631131315,0.0,0.0,0.003889353621567065,0.043330918477952916,0.0,0.048243741862555076,0.0466908564192657,0.0,0.0,0.0,0.0,0.0,0.08853889190359931,0.019156464901668942,0.0,0.14480967247682328,0.0,0.0,0.0,0.0,0.0,0.02249960491464177,0.0,0.0,0.0,0.06968476543893568,0.0,0.0,0.0,0.0,0.0,0.0,0.0
72,relevance_impurity_centrality,5,0.3377415401150893,0.0,0.0,0.0,0.0939493978793674,0.08275592579506216,0.0,0.0,0.0038314903443870093,0.04329991882587026,0.0,0.01872519566642109,0.032071674533612,0.0,0.0,0.0,0.0,0.0,0.12663209152079566,0.012164001414772953,0.0,0.13728860822318165,0.0,0.0,0.0,0.0,0.0,0.03730080831520022,0.0,0.0,0.0,0.07423934736624033,0.0,0.0,0.0,0.0,0.0,0.0,0.0
73,support_relevance_centrality,5,0.541573497969643,0.0,0.0,0.0,6.760633246146049e-05,0.0009179676806714838,0.0,0.0,0.06317983833304751,0.0011265685713788664,0.0,0.004562397731742652,1.0813838469643777e-05,0.0,0.0,0.0,0.0,0.0,8.972860321843542e-06,9.618271229582983e-05,0.0,0.38749944047904034,0.0,0.0,0.0,0.0,0.0,7.5031308360009e-05,0.0,0.0,0.0,0.00088168218256732,0.0,0.0,0.0,0.0,0.0,0.0,0.0
74,confidence_relevance_centrality,5,0.5056539176776954,0.0,0.0,0.0,0.0010809825573870507,0.0078666989310252,0.0,0.0,0.059239136253556104,0.007495679231542619,0.0,0.023267526798712346,0.00014860739319175371,0.0,0.0,0.0,0.0,0.0,0.0001795264209286022,0.0005459170924724489,0.0,0.38670304791909066,0.0,0.0,0.0,0.0,0.0,0.0010033448801622163,0.0,0.0,0.0,0.006815614844235587,0.0,0.0,0.0,0.0,0.0,0.0,0.0
75,lift_relevance_centrality,5,0.4860856731718328,0.0,0.0,0.0,0.0021509663682338963,0.011604083037873468,0.0,0.0,0.05816509993531287,0.0068801207543211125,0.0,0.021394691021548902,0.0003190573728882452,0.0,0.0,0.0,0.0,0.0,0.00030615721753522805,0.0005430559455874918,0.0,0.40004656731574073,0.0,0.0,0.0,0.0,0.0,0.002193312900885486,0.0,0.0,0.0,0.010311214958239757,0.0,0.0,0.0,0.0,0.0,0.0,0.0
76,equal_relevance_centrality,5,0.5067733329856304,0.0,0.0,0.0,0.0010544713172965883,0.007701593489450647,0.0,0.0,0.05952934442863077,0.006725489990604726,0.0,0.019254231235326165,0.00016260072986246576,0.0,0.0,0.0,0.0,0.0,0.00014846543424804735,0.0005574881551304632,0.0,0.39043815928537695,0.0,0.0,0.0,0.0,0.0,0.0008297499196125612,0.0,0.0,0.0,0.006825073028830219,0.0,0.0,0.0,0.0,0.0,0.0,0.0
77,relevance_relevance_centrality,5,0.5351878662083133,0.0,0.0,0.0,0.00019740955040707518,0.001665282869279392,0.0,0.0,0.06172643446227333,0.0014654675092556605,0.0,0.006033179337503302,3.359497437540135e-05,0.0,0.0,0.0,0.0,0.0,2.7089644396911243e-05,0.00012105129630387533,0.0,0.3918089039528965,0.0,0.0,0.0,0.0,0.0,0.00023623888099130364,0.0,0.0,0.0,0.0014974813140039586,0.0,0.0,0.0,0.0,0.0,0.0,0.0
78,perm,6,0.8382352941176465,0.0,0.0,0.0,0.0,0.147058823529412,0.0,0.0,0.0,0.058823529411764816,0.0,0.0,0.0,0.0,0.0,0.0,0.0,0.029411764705882408,0.0,0.0,0.0,-0.07352941176470579,0.0,0.0,0.0,0.0,0.0,0.0,0.0,0.0,0.0,0.0,0.0,0.0,0.0,0.0,0.0,0.0,0.0
79,gini,6,0.27816226141887956,0.0,0.0,0.0,0.0,0.0930144038703772,0.0,0.0,0.0,0.03976766391586676,0.0,0.1636802192485682,0.0,0.0,0.0,0.0,0.0,0.047036648461387366,0.0,0.0,0.0,0.11216845617629274,0.0,0.0,0.0,0.0,0.0,0.048569788381586196,0.0,0.0,0.0,0.0,0.037990018048293724,0.04652724923392474,0.0,0.09752188177186788,0.0,0.035561409472955725,0.0
80,shap,6,0.3413582134643357,0.0,0.0,0.0,0.0,0.061598896368474085,0.0,0.0,0.0,0.08302373123480773,0.0,0.08264449899554718,0.0,0.0,0.0,0.0,0.0,0.025874535092848934,0.0,0.0,0.0,0.16062043279556448,0.0,0.0,0.0,0.0,0.0,0.028893641083799538,0.0,0.0,0.0,0.0,0.016564834398966034,0.058604212579516875,0.0,0.11493588897235602,0.0,0.025881115013783373,0.0
81,support_impurity_centrality,6,0.3221920347778671,0.0,0.0,0.0,0.0,0.08801617632000382,0.0,0.0,0.0,0.1261055320574302,0.0,0.011445094180952516,0.0,0.0,0.0,0.0,0.0,0.026854620723427813,0.0,0.0,0.0,0.256556101303615,0.0,0.0,0.0,0.0,0.0,0.005127546889037891,0.0,0.0,0.0,0.0,0.0160322757661863,0.11753751244084208,0.0,0.011285001455960522,0.0,0.01884810408467675,0.0
82,confidence_impurity_centrality,6,0.24902494798004743,0.0,0.0,0.0,0.0,0.04210613371406123,0.0,0.0,0.0,0.20525003408276773,0.0,0.0006763889326205253,0.0,0.0,0.0,0.0,0.0,0.04608569552668942,0.0,0.0,0.0,0.15753436632796936,0.0,0.0,0.0,0.0,0.0,0.001910140843181208,0.0,0.0,0.0,0.0,0.023065037418128157,0.25476769745218975,0.0,0.0025227147955950925,0.0,0.01705684292675016,0.0
83,lift_impurity_centrality,6,0.2665399843911382,0.0,0.0,0.0,0.0,0.03977055675302561,0.0,0.0,0.0,0.15623028056478322,0.0,0.0005055767652250933,0.0,0.0,0.0,0.0,0.0,0.04151906448923584,0.0,0.0,0.0,0.20552596281047836,0.0,0.0,0.0,0.0,0.0,0.0014277649412860203,0.0,0.0,0.0,0.0,0.020550776372337237,0.23617886516532208,0.0,0.0018856046896327863,0.0,0.029865563057535724,0.0
84,equal_impurity_centrality,6,0.25054024133967195,0.0,0.0,0.0,0.0,0.048698532538582605,0.0,0.0,0.0,0.1999009968912513,0.0,0.0008363118239251825,0.0,0.0,0.0,0.0,0.0,0.047628469062536705,0.0,0.0,0.0,0.16178996851291927,0.0,0.0,0.0,0.0,0.0,0.0018820805483828612,0.0,0.0,0.0,0.0,0.02454108976089817,0.2437735412279445,0.0,0.002526288115768432,0.0,0.017882480178119095,0.0
85,relevance_impurity_centrality,6,0.32813016768063574,0.0,0.0,0.0,0.0,0.07101241610462046,0.0,0.0,0.0,0.09699427531782144,0.0,0.00424351108847901,0.0,0.0,0.0,0.0,0.0,0.03226454521705926,0.0,0.0,0.0,0.27521367602277524,0.0,0.0,0.0,0.0,0.0,0.0023561024641607703,0.0,0.0,0.0,0.0,0.019856700791964162,0.133645745268946,0.0,0.005468970877600603,0.0,0.030813889165937306,0.0
86,support_relevance_centrality,6,0.9625986904329953,0.0,0.0,0.0,0.0,0.000600599966164426,0.0,0.0,0.0,0.003506290699692335,0.0,0.02634902409536567,0.0,0.0,0.0,0.0,0.0,5.549498608823556e-05,0.0,0.0,0.0,0.0020126729886398623,0.0,0.0,0.0,0.0,0.0,0.0004217618947410088,0.0,0.0,0.0,0.0,0.00026557947715558013,8.540060851632328e-05,0.0,0.004094871325259654,0.0,9.613525381616036e-06,0.0
87,confidence_relevance_centrality,6,0.8027682001376013,0.0,0.0,0.0,0.0,0.004715884209427207,0.0,0.0,0.0,0.020835895701016658,0.0,0.11310280997268811,0.0,0.0,0.0,0.0,0.0,0.00047178233187992975,0.0,0.0,0.0,0.014240204384497418,0.0,0.0,0.0,0.0,0.0,0.007543362147232464,0.0,0.0,0.0,0.0,0.0014895103602236097,0.0008827095126640678,0.0,0.03380226295520496,0.0,0.00014737828756421572,0.0
88,lift_relevance_centrality,6,0.7916236646819844,0.0,0.0,0.0,0.0,0.005601934556512664,0.0,0.0,0.0,0.03478330114127373,0.0,0.10334156295276009,0.0,0.0,0.0,0.0,0.0,0.0009464719178871393,0.0,0.0,0.0,0.02062495007410387,0.0,0.0,0.0,0.0,0.0,0.006892338345986762,0.0,0.0,0.0,0.0,0.003110673923371853,0.001873580650304008,0.0,0.030884985845839777,0.0,0.0003165359099757205,0.0
89,equal_relevance_centrality,6,0.839507600521662,0.0,0.0,0.0,0.0,0.004332532249083246,0.0,0.0,0.0,0.023726995818858357,0.0,0.08425218977052167,0.0,0.0,0.0,0.0,0.0,0.0005242772709601077,0.0,0.0,0.0,0.013905681188088114,0.0,0.0,0.0,0.0,0.0,0.005619177625117091,0.0,0.0,0.0,0.0,0.0019736945429676338,0.0008681909475531072,0.0,0.025179875494364047,0.0,0.00010978457082466156,0.0
90,relevance_relevance_centrality,6,0.9228506084999253,0.0,0.0,0.0,0.0,0.0012990208492491496,0.0,0.0,0.0,0.011788662365688691,0.0,0.04833981171636709,0.0,0.0,0.0,0.0,0.0,0.0002303305751637456,0.0,0.0,0.0,0.00571815057038743,0.0,0.0,0.0,0.0,0.0,0.0007737626451397355,0.0,0.0,0.0,0.0,0.0010853362383464885,0.00036042412514789257,0.0,0.007512434166434987,0.0,4.1458248149517965e-05,0.0
91,perm,7,0.42857142857142855,0.0,0.0,0.0,0.0,0.0,0.0,0.0,0.0,0.0,0.0,0.0,0.0,0.0,0.0,0.14285714285714285,0.0,0.0,0.0,0.0,0.0,0.39285714285714285,0.14285714285714285,0.0,0.0,0.0,0.0,0.0,0.0,0.0,-0.14285714285714285,0.0,0.0,0.0,0.0,0.03571428571428571,0.0,0.0,0.0
92,gini,7,0.3643749899990374,0.0,0.0,0.08246858073683956,0.03626858335372134,0.0,0.0,0.0,0.0,0.047253097895708765,0.0,0.13933108902977043,0.0,0.0,0.0,0.09409320966907472,0.0,0.0,0.0,0.0,0.0,0.11240077535476634,0.040928633264781446,0.0,0.0,0.0,0.0,0.0,0.0,0.0,0.03537364061429841,0.0,0.0,0.0,0.0,0.04750740008200167,0.0,0.0,0.0
93,shap,7,0.287380189066227,0.0,0.0,0.007138152063851183,0.15073237090697064,0.0,0.0,0.0,0.0,0.023117956774142176,0.0,0.11523016193323739,0.0,0.0,0.0,0.11968186640529249,0.0,0.0,0.0,0.0,0.0,0.17668933374458218,0.026947632271827223,0.0,0.0,0.0,0.0,0.0,0.0,0.0,0.043828943938986724,0.0,0.0,0.0,0.0,0.04925339289488292,0.0,0.0,0.0
94,support_impurity_centrality,7,0.3711068241850279,0.0,0.0,0.22168281247137792,0.03423464976541377,0.0,0.0,0.0,0.0,0.022450741063988984,0.0,0.012576847513572053,0.0,0.0,0.0,0.07021834151895341,0.0,0.0,0.0,0.0,0.0,0.16539239080508553,0.016586607650680728,0.0,0.0,0.0,0.0,0.0,0.0,0.0,0.07521095911952909,0.0,0.0,0.0,0.0,0.010539825906370651,0.0,0.0,0.0
95,confidence_impurity_centrality,7,0.3730065975612099,0.0,0.0,0.37971969986807624,0.018142029805928973,0.0,0.0,0.0,0.0,0.010728473492498234,0.0,0.0007740044158637493,0.0,0.0,0.0,0.05821966433127366,0.0,0.0,0.0,0.0,0.0,0.09865394368775042,0.013963400824306567,0.0,0.0,0.0,0.0,0.0,0.0,0.0,0.043255786419437676,0.0,0.0,0.0,0.0,0.0035363995936546254,0.0,0.0,0.0
96,lift_impurity_centrality,7,0.3444239499922309,0.0,0.0,0.362033858645608,0.012808306781389832,0.0,0.0,0.0,0.0,0.017786579692185233,0.0,0.0005465080707597396,0.0,0.0,0.0,0.05682063598861606,0.0,0.0,0.0,0.0,0.0,0.11457664525634834,0.02062360470477206,0.0,0.0,0.0,0.0,0.0,0.0,0.0,0.06580088255175902,0.0,0.0,0.0,0.0,0.004579028316330848,0.0,0.0,0.0
97,equal_impurity_centrality,7,0.3700599428269486,0.0,0.0,0.36481400382457224,0.018304129105022084,0.0,0.0,0.0,0.0,0.010990867662257642,0.0,0.0008472867951266619,0.0,0.0,0.0,0.06937864206432143,0.0,0.0,0.0,0.0,0.0,0.10180251510318586,0.013485832542178966,0.0,0.0,0.0,0.0,0.0,0.0,0.0,0.04624402857773469,0.0,0.0,0.0,0.0,0.004072751498651799,0.0,0.0,0.0
98,relevance_impurity_centrality,7,0.3505968523693471,0.0,0.0,0.23792866626073106,0.021509907730018707,0.0,0.0,0.0,0.0,0.034183970685699894,0.0,0.005361022093796424,0.0,0.0,0.0,0.05194087973271592,0.0,0.0,0.0,0.0,0.0,0.1731362233334497,0.015434827180865193,0.0,0.0,0.0,0.0,0.0,0.0,0.0,0.1041204598071789,0.0,0.0,0.0,0.0,0.0057871908061971076,0.0,0.0,0.0
99,support_relevance_centrality,7,0.8797704963848049,0.0,0.0,2.900069560194299e-06,0.0002153971471358169,0.0,0.0,0.0,0.0,1.86992286267431e-05,0.0,0.010507797788258924,0.0,0.0,0.0,1.2687946964634309e-05,0.0,0.0,0.0,0.0,0.0,0.0013867593600417033,0.07990703727293402,0.0,0.0,0.0,0.0,0.0,0.0,0.0,5.1845727018370204e-05,0.0,0.0,0.0,0.0,0.028126379074654772,0.0,0.0,0.0
100,confidence_relevance_centrality,7,0.8173345320471589,0.0,0.0,0.00012903032432355066,0.0016136302052605076,0.0,0.0,0.0,0.0,0.0003006305732349385,0.0,0.056311864249331864,0.0,0.0,0.0,0.00023452503348862832,0.0,0.0,0.0,0.0,0.0,0.00711129411889771,0.07818751393639002,0.0,0.0,0.0,0.0,0.0,0.0,0.0,0.0006677019171894739,0.0,0.0,0.0,0.0,0.0381092775947244,0.0,0.0,0.0
101,lift_relevance_centrality,7,0.8101313846933892,0.0,0.0,0.0002815416217262463,0.0015981292798380676,0.0,0.0,0.0,0.0,0.0006998907057010581,0.0,0.05577109056072678,0.0,0.0,0.0,0.00025779963977610234,0.0,0.0,0.0,0.0,0.0,0.00839992510824666,0.08388902609389409,0.0,0.0,0.0,0.0,0.0,0.0,0.0,0.0011821874224528215,0.0,0.0,0.0,0.0,0.03778902487424899,0.0,0.0,0.0
102,equal_relevance_centrality,7,0.8291943795387646,0.0,0.0,0.00010077241674940775,0.0017370762594129555,0.0,0.0,0.0,0.0,0.0002347918566621402,0.0,0.0439794496512321,0.0,0.0,0.0,0.00020991390818329684,0.0,0.0,0.0,0.0,0.0,0.00932607546943414,0.07802727249934553,0.0,0.0,0.0,0.0,0.0,0.0,0.0,0.0007397400548634067,0.0,0.0,0.0,0.0,0.036450528345352375,0.0,0.0,0.0
103,relevance_relevance_centrality,7,0.871227908910258,0.0,0.0,1.1036039505878905e-05,0.000316439522588654,0.0,0.0,0.0,0.0,7.438844495847193e-05,0.0,0.01778302526362637,0.0,0.0,0.0,2.1887531564008785e-05,0.0,0.0,0.0,0.0,0.0,0.002199993220824914,0.07936872048904897,0.0,0.0,0.0,0.0,0.0,0.0,0.0,0.00015842312285549613,0.0,0.0,0.0,0.0,0.028838177454769152,0.0,0.0,0.0
104,perm,8,0.19148936170212771,0.0,0.0,-0.0851063829787234,0.0,0.1702127659574468,0.0,0.0,-0.10638297872340426,0.0,0.0,0.19148936170212763,0.0,0.0,-0.1276595744680851,0.0,0.2127659574468085,0.0,0.0,0.0,0.0,0.0,0.14893617021276595,0.0,0.0,0.0,0.14893617021276595,0.0,0.0,0.14893617021276595,0.0,0.10638297872340426,0.0,0.0,0.0,0.0,0.0,0.0,0.0
105,gini,8,0.2603755791084481,0.0,0.03091159675280717,0.022860843109631625,0.01638920737639045,0.031539854070593995,0.0,0.021432040415279647,0.0256505642074273,0.0,0.0,0.041601374905775465,0.0,0.0,0.055632640748945576,0.0,0.07501214145347877,0.03429126466444743,0.0,0.0,0.0,0.022860843109631608,0.05134930586964964,0.0,0.0,0.0,0.09868966320307164,0.0,0.0,0.13139013012071085,0.0,0.01928883637375168,0.0285760538870395,0.0,0.0,0.0,0.0,0.03214806062291947,0.0
106,shap,8,0.323623358038874,0.0,0.01804555376215622,0.01048154821904098,0.051815631913559465,0.021146799099849525,0.0,0.019906254768696445,0.04667838627460201,0.0,0.0,0.08868609230857896,0.0,0.0,0.07485099802355787,0.0,0.04350421500776603,0.011038923255395098,0.0,0.0,0.0,0.008862506256390899,0.03230746414449311,0.0,0.0,0.0,0.08830870454301239,0.0,0.0,0.11290461158061285,0.0,0.01859425154830572,0.014088802719018646,0.0,0.0,0.0,0.0,0.015155898536089812,0.0
107,support_impurity_centrality,8,0.19681686880450028,0.0,0.020380124799293606,0.015371763898948126,0.005927954530432531,0.035706147399100954,0.0,0.016546587771513296,0.028210324274973615,0.0,0.0,0.002659458411771731,0.0,0.0,0.09508639337720456,0.0,0.08909545041693925,0.02949055660403757,0.0,0.0,0.0,0.062869005462617,0.005496148437126001,0.0,0.0,0.0,0.09807364868630188,0.0,0.0,0.2192937252619169,0.0,0.015643760448782372,0.0426959059788132,0.0,0.0,0.0,0.0,0.020636175435727096,0.0
108,confidence_impurity_centrality,8,0.2032544161669073,0.0,0.0037718348361376846,0.03552266026197817,0.0017077355567536214,0.01356893732138827,0.0,0.019848412749854983,0.01187083181941353,0.0,0.0,0.00021217487116618962,0.0,0.0,0.09676667482226571,0.0,0.1760982730411313,0.046156143593120015,0.0,0.0,0.0,0.08371404395607844,0.004198071010605317,0.0,0.0,0.0,0.059752355844793416,0.0,0.0,0.1647483222820064,0.0,0.03249331623130679,0.014767168457741706,0.0,0.0,0.0,0.0,0.03154862717735104,0.0
109,lift_impurity_centrality,8,0.21878702904165293,0.0,0.002771880529163048,0.03385275034423768,0.0012551486967813407,0.018312480631476176,0.0,0.020131840653448974,0.01266700854365648,0.0,0.0,0.00015595107174382842,0.0,0.0,0.10250915690556166,0.0,0.15578250972281318,0.0591456207263884,0.0,0.0,0.0,0.07037758504711701,0.0046839579573595014,0.0,0.0,0.0,0.054265522484136984,0.0,0.0,0.14566930370855327,0.0,0.03526992462826017,0.0242529378000227,0.0,0.0,0.0,0.0,0.04010939150762671,0.0
110,equal_impurity_centrality,8,0.20058763337954919,0.0,0.004411371757265928,0.0362677384675413,0.0022786516681805773,0.016434591239856373,0.0,0.02372966001450701,0.011477852161180763,0.0,0.0,0.0002403842816361883,0.0,0.0,0.0994582760105596,0.0,0.17022126988102237,0.04461575482569668,0.0,0.0,0.0,0.08092021927864701,0.004137685768491143,0.0,0.0,0.0,0.05940502725695907,0.0,0.0,0.1613822173593409,0.0,0.035222584139392464,0.01427433741406794,0.0,0.0,0.0,0.0,0.03493474509610536,0.0
111,relevance_impurity_centrality,8,0.25057050451325813,0.0,0.011991509556185689,0.01695911971204032,0.0034571294592150377,0.027382880255038065,0.0,0.013215274740483236,0.018759870731617792,0.0,0.0,0.0013079254244983702,0.0,0.0,0.07953437138912023,0.0,0.09060160103131781,0.038813360058409276,0.0,0.0,0.0,0.06294468350255253,0.0038183259432258776,0.0,0.0,0.0,0.07623789888237346,0.0,0.0,0.20548231088782748,0.0,0.01860694828175625,0.06121647262607764,0.0,0.0,0.0,0.0,0.01909981300500277,0.0
112,support_relevance_centrality,8,0.5276009347673492,0.0,0.002719740668282911,1.1350465817219525e-06,0.1968507065866408,0.002726303377776442,0.0,5.651083026841936e-06,0.00040941169523682215,0.0,0.0,0.02700058489990735,0.0,0.0,0.0036454052144497674,0.0,8.88918578559415e-06,4.80583555259465e-06,0.0,0.0,0.0,0.0001669725979632906,0.0519460067136806,0.0,0.0,0.0,0.17741862588326432,0.0,0.0,0.009408991564877022,0.0,1.104859179125502e-06,8.367949860683682e-05,0.0,0.0,0.0,0.0,1.0505218387760388e-06,0.0
113,confidence_relevance_centrality,8,0.46533210998261676,0.0,0.0071903298570183335,2.13119519299946e-05,0.18407270867148054,0.00731807080915398,0.0,0.0001248488310964775,0.0027819999831222458,0.0,0.0,0.08417669133887874,0.0,0.0,0.01003791265697803,0.0,0.0002185027172377164,8.447483760205644e-05,0.0,0.0,0.0,0.0008563426591694222,0.06486899164995001,0.0,0.0,0.0,0.1463851964828539,0.0,0.0,0.02602107054153823,0.0,2.267155517706651e-05,0.00046378335092410873,0.0,0.0,0.0,0.0,2.298212327239924e-05,0.0
114,lift_relevance_centrality,8,0.448695305168422,0.0,0.006850451521103315,3.849272873619321e-05,0.17533599241555367,0.0071543743401863156,0.0,0.000262818606368821,0.003872493817197183,0.0,0.0,0.08019776608263703,0.0,0.0,0.0101492222486718,0.0,0.0004762011484483879,0.00018563215978626424,0.0,0.0,0.0,0.001902889825260873,0.09290223382273374,0.0,0.0,0.0,0.14344057649646655,0.0,0.0,0.027492425700633927,0.0,4.4379511868824436e-05,0.000964060067308319,0.0,0.0,0.0,0.0,3.468433861677993e-05,0.0
115,equal_relevance_centrality,8,0.4762790482526517,0.0,0.006679771290545629,2.0373445701167464e-05,0.1899122029254128,0.006806419082471895,0.0,0.00010594190988173173,0.002281251529474595,0.0,0.0,0.06902523617107081,0.0,0.0,0.009268636177901602,0.0,0.00017917313476525364,6.926971734397073e-05,0.0,0.0,0.0,0.0007022045337297706,0.062226237651465094,0.0,0.0,0.0,0.15211603860726852,0.0,0.0,0.023902051046438392,0.0,2.34294626680114e-05,0.00038030427212766283,0.0,0.0,0.0,0.0,2.2410789081370568e-05,0.0
116,relevance_relevance_centrality,8,0.5192370817860456,0.0,0.0033587784442295184,3.2297525267999844e-06,0.19530264363236774,0.003381498520427338,0.0,1.5736932594932536e-05,0.0005741685287823774,0.0,0.0,0.0346965297753748,0.0,0.0,0.004538169628115892,0.0,2.639705722374545e-05,1.4446898965360113e-05,0.0,0.0,0.0,0.0005037793238972209,0.052688998557890394,0.0,0.0,0.0,0.17316062249779948,0.0,0.0,0.012241584378910382,0.0,3.1944201741067875e-06,0.0002512996271563647,0.0,0.0,0.0,0.0,1.840237517938323e-06,0.0
117,perm,9,0.35593220338983056,0.0,0.0,0.0,0.30508474576271183,0.05084745762711862,0.0,0.0,0.0,-0.016949152542372874,0.0,0.0,0.0,0.016949152542372874,-0.15254237288135586,0.08474576271186438,0.0,0.0,0.0,0.0,0.0,0.2711864406779661,0.0,0.0,0.0,0.0,0.05084745762711862,-0.03389830508474575,0.18644067796610161,-0.08474576271186438,0.18644067796610167,0.0,0.0,0.0,-0.3050847457627117,0.0677966101694915,0.016949152542372874,0.0,0.0
118,gini,9,0.11399742434785166,0.0,0.0,0.0,0.0406617715961689,0.016464558740012406,0.0,0.01742940055653486,0.0,0.04731285022633111,0.0,0.020436826534917463,0.010457640333920918,0.046937202702216886,0.035602293024921905,0.05025317550572346,0.00980403781305086,0.0,0.044735046343882236,0.015935451937403314,0.0,0.14405342397362408,0.0,0.0,0.0,0.0,0.037348715478288996,0.022281904120570146,0.03018740772066503,0.02178675069566858,0.07535947208174532,0.030501450973936008,0.0,0.05126111199395164,0.04426683002849341,0.026776954069295467,0.028501031137333693,0.01764726806349155,0.0
119,shap,9,0.11661464053736302,0.0,0.0,0.0,0.1019622338748371,0.02580230701223408,0.0,0.001354759558228667,0.0,0.0901497749053169,0.0,0.030200315274556105,0.006870904550671267,0.010491775210238271,0.017254532395770027,0.04241794737930262,0.01013849217665316,0.0,0.005434059255579569,0.0032992657815813465,0.0,0.1543558224602239,0.0,0.0,0.0,0.0,0.022265899211385155,0.045551420711731974,0.10979546677873851,0.008020200222649909,0.0621377512893638,0.016694095503175275,0.0,0.01718749653769111,0.04994456181923105,0.022216929086954534,0.023211211052302075,0.006628137414220505,0.0
120,support_impurity_centrality,9,0.11152648283425055,0.0,0.0,0.0,0.05739355971358751,0.04155159203650334,0.0,0.016660421806895833,0.0,0.049572760951424225,0.0,0.0013331293832890508,0.01045213073215897,0.021770001813787843,0.03628084058066536,0.05341344302298011,0.007273287216742938,0.0,0.015078447411449362,0.012322346388638716,0.0,0.1294979665193016,0.0,0.0,0.0,0.0,0.031928988334854067,0.02322478491448758,0.026714376272597852,0.018127966168096043,0.11409272613796319,0.034417009225694184,0.0,0.03331234962318791,0.07250962879541901,0.023339498990683705,0.03377194756791519,0.02443431355742584,0.0
121,confidence_impurity_centrality,9,0.11348314879200865,0.0,0.0,0.0,0.05221772859174991,0.05832734528580228,0.0,0.028875732088414714,0.0,0.043926204294836256,0.0,0.0002118132800588128,0.009807514351211742,0.029626372505067517,0.0435222561420164,0.05070148227303505,0.0036719046770096082,0.0,0.0034179367120358304,0.002914709086985578,0.0,0.10340243354760703,0.0,0.0,0.0,0.0,0.03482701655257086,0.021100797134847693,0.03293816912674084,0.030566107660726257,0.0809352937089632,0.06547907139083356,0.0,0.03132148755099393,0.07230676585458783,0.028750932956813018,0.021776276885332322,0.03589149954975118,0.0
122,lift_impurity_centrality,9,0.11618468915764685,0.0,0.0,0.0,0.04937615016172993,0.063248677505729,0.0,0.032487170689243824,0.0,0.047015491039284256,0.0,0.00015167494634951112,0.016103433664658957,0.0345093496272861,0.03546607730625824,0.052689160830434574,0.002627943237690505,0.0,0.005345465185156147,0.0024096160772923685,0.0,0.0913867113157002,0.0,0.0,0.0,0.0,0.03360969871118733,0.0155895012760232,0.03307143108761626,0.03714035061708637,0.0811775775186613,0.059192105175255555,0.0,0.027511994840050576,0.059655673451119384,0.031198300691432385,0.02556748572285401,0.047284270164252885,0.0
123,equal_impurity_centrality,9,0.11396902707463065,0.0,0.0,0.0,0.05178939394300672,0.057848894314668615,0.0,0.028638868538527408,0.0,0.04558716641904233,0.0,0.0003400132744030331,0.009727064696890053,0.029976634799641085,0.04385012544408158,0.05028558517858329,0.004148941312140859,0.0,0.003400303516144894,0.0028908001402230066,0.0,0.10355830537243096,0.0,0.0,0.0,0.0,0.03454133545720097,0.020927710277707297,0.0327234367940044,0.031026041619732023,0.08027139293164687,0.06494195582107179,0.0,0.031799042668715125,0.07173845975415458,0.028521351360107788,0.021901062640467216,0.03559708665077767,0.0
124,relevance_impurity_centrality,9,0.1227108046175014,0.0,0.0,0.0,0.05612149542778239,0.043754636606961564,0.0,0.015618906889207218,0.0,0.05495136370356763,0.0,0.0008130942896217741,0.01617446710031721,0.021048446991326707,0.029892416250191674,0.04681113502572445,0.004822983385577387,0.0,0.021028086297420395,0.008286237015456048,0.0,0.12712057737246787,0.0,0.0,0.0,0.0,0.03650134237185057,0.01620620373813286,0.026159324012279977,0.02357701908870612,0.1247312142795148,0.03333668845775829,0.0,0.02903700735540038,0.06098983918828115,0.02019466942046779,0.02800339053446535,0.032108650580018994,0.0
125,support_relevance_centrality,9,0.13473598848892657,0.0,0.0,0.0,0.01065689098878462,0.002021254294261662,0.0,7.438975868480694e-07,0.0,0.33852153396130835,0.0,0.13905630773859176,1.2122149924379899e-05,0.09180258633122702,0.00011258214049750046,0.0020819325989770263,6.20816371386387e-05,0.0,0.023968852645512483,0.0007848965170545827,0.0,0.1429910893953117,0.0,0.0,0.0,0.0,2.76594656666651e-05,3.6062127562739446e-05,0.021603208846303252,2.1471591790199504e-06,0.026968743178023072,1.5554225092415907e-06,0.0,0.00022051491849040724,0.035563508112858404,0.027052360839268562,0.0017026970720620518,1.2680072973418138e-05,0.0
126,confidence_relevance_centrality,9,0.10425854106712457,0.0,0.0,0.0,0.019794422255711878,0.005467103839623118,0.0,1.194159005041429e-05,0.0,0.2322649841394324,0.0,0.1525128710896094,0.00011387158942611761,0.06559924873886668,0.000798166766110736,0.004635033503386753,0.00026100904103451816,0.0,0.019580047853781497,0.0016364241288635707,0.0,0.23724805548079142,0.0,0.0,0.0,0.0,0.0002644209064406897,0.0003032310526705934,0.017936405404104315,2.9640732494849045e-05,0.04941102446357896,2.900100429778327e-05,0.0,0.001127809027800785,0.030228560243504305,0.05259032667960468,0.0037827083588128224,0.00011515104287716327,0.0
127,lift_relevance_centrality,9,0.07859929957872494,0.0,0.0,0.0,0.032845230172783825,0.004967838188419484,0.0,1.354679875700286e-05,0.0,0.1686592138531344,0.0,0.10958225302594046,0.0001749423372650966,0.050270914103634476,0.0010829836502504173,0.0038025589512211072,0.00018753799972040774,0.0,0.019243665985920137,0.001294988323268877,0.0,0.3653847857818879,0.0,0.0,0.0,0.0,0.0002628333304463372,0.00034824894538956335,0.01630197837460288,4.530258058253331e-05,0.0773293504487988,3.6565213270202015e-05,0.0,0.0014114814860091897,0.027295160599088757,0.03782026752294841,0.002933965576133871,0.00010508717180094929,0.0
128,equal_relevance_centrality,9,0.10870669900319546,0.0,0.0,0.0,0.018972800517505894,0.0052401767133025915,0.0,1.1445921631936783e-05,0.0,0.23779397309076847,0.0,0.14618240644534472,0.00010914503706566327,0.0693326099652826,0.000765649841252533,0.0044426437364868026,0.0002501751455455818,0.0,0.019520171847202183,0.0015684998611163205,0.0,0.22849765609814268,0.0,0.0,0.0,0.0,0.0002534453921285652,0.00029064461688809156,0.01804566003286687,2.902358705256831e-05,0.047360084492618734,2.779723814320464e-05,0.0,0.001383728625993832,0.0370714604935224,0.05040742105795417,0.003626309855692977,0.00011037138329514813,0.0
129,relevance_relevance_centrality,9,0.10997769102143301,0.0,0.0,0.0,0.02108710514837455,0.0018519859003605814,0.0,8.600892269120551e-07,0.0,0.277871302015038,0.0,0.11749544267088387,2.326637888384255e-05,0.0761786216883224,0.00015217939452069696,0.0018106231172987576,5.2455797075885524e-05,0.0,0.02282854675645417,0.0006687540842725889,0.0,0.24715529610718345,0.0,0.0,0.0,0.0,3.016249144271539e-05,4.870394514896839e-05,0.018096646870619824,4.01325508380331e-06,0.04997154339258836,2.0474427379939406e-06,0.0,0.00033812544991555576,0.030023729803607856,0.022859419208853027,0.001458795921231009,1.2682049442140011e-05,0.0
