,method,fold,F1,F2,F3,F4,F5,F6,F7,F8,F9,F10,F11,F12,F13,F14,F15,F16,F17,F18,F19,F20,F21,F22
0,perm,0,-0.06250000000000039,0.03125000000000001,-0.0,0.03125000000000001,-0.0,-0.0,-0.1250000000000005,-0.0,-0.0,0.062499999999999924,-0.0,0.12500000000000003,0.40625000000000056,-0.0,-0.0,-0.0,-0.0,-0.0,-1.873501354054955e-16,0.5312500000000007,-0.0,-2.8102520310824324e-16
1,gini,0,0.041149265694482094,0.031066778370403187,0.0,0.019383964201073533,0.043411451454322285,0.025329330649702223,0.06429182682087428,0.021155408465978347,0.0,0.05715033507776781,0.04169749633537818,0.021291474295216366,0.2757949253365881,0.018370305279962654,0.0,0.05595474584747002,0.07107076519879871,0.0,0.015128888028088244,0.09695720021736867,0.0,0.10079583872652544
2,shap,0,0.06059789668792251,0.026531574501557378,0.0,0.021290538779841918,0.0370591118850636,0.0201132339264703,0.08349814204412918,0.021927094974328352,0.0,0.08260285059653821,0.022463784092379074,0.05385722063025814,0.1924290310195386,0.017209757629493012,0.0,0.05099434079777938,0.05105004752979673,0.0,0.03808539787336975,0.14393974005855104,0.0,0.07635023697298278
3,support_impurity_centrality,0,0.016981030895207975,0.032114662660229956,0.0,0.009689249627412855,0.004984139019739795,0.004748498014799184,0.07019830076014155,0.01509526896545631,0.0,0.18866010904224184,0.02513899597270916,0.023762319896340495,0.20465746429847187,0.017203076482131364,0.0,0.04142257669465228,0.11344388452211827,0.0,0.02590806551925689,0.10812425866493941,0.0,0.09786809896415079
4,confidence_impurity_centrality,0,0.046094759529562934,0.0473894864204814,0.0,0.009996536674579622,0.001171135154264297,0.0017484431819603972,0.007590429322047325,0.05051485824530092,0.0,0.10158462781614176,0.07139085582661667,0.02857854888283824,0.22047711703476022,0.05142576423229332,0.0,0.09964911840826608,0.0896227566993844,0.0,0.04044968567905213,0.03219307377032606,0.0,0.10012280312212413
5,lift_impurity_centrality,0,0.0521379696361781,0.047645113204489914,0.0,0.005101551742145454,0.00035455224175975176,0.0005292068341613984,0.007619998701492156,0.058110558525201673,0.0,0.10267208895604314,0.0808059652985714,0.0295597752375888,0.19638751629512813,0.05825622899591798,0.0,0.09366347278888414,0.09898646983436057,0.0,0.026876523254248306,0.03155408720751308,0.0,0.109738921246316
6,equal_impurity_centrality,0,0.046923671399087034,0.04911641479591252,0.0,0.01212617217353665,0.0017693251956437221,0.0019071009331088663,0.009172830754313539,0.04920244998029817,0.0,0.10190169090924897,0.06994513532733079,0.02822472952067618,0.21939139048284534,0.05008969004824228,0.0,0.09751682720052113,0.08904479302449232,0.0,0.03939877702274823,0.03456452103422014,0.0,0.09970448019777416
7,relevance_impurity_centrality,0,0.018557985150332214,0.02999959030257351,0.0,0.005427601838457286,0.0013712001569407496,0.0013936921699446078,0.07611920826008046,0.017451601224526703,0.0,0.19350204721974945,0.025383353489687222,0.01982637937673454,0.20786745289118505,0.018092859524472406,0.0,0.03306758665836963,0.12708240847123353,0.0,0.012371238067719902,0.11401169880153215,0.0,0.09847409639646056
8,support_relevance_centrality,0,0.0026794344261236625,7.6053862937028106e-06,0.0,2.0849248731956472e-05,0.11601308795290066,0.00010494558987774415,0.0656263546662001,0.0014063408379456144,0.0,0.1945943692221158,4.9675410500600344e-05,0.0007927194353808091,0.32964747518901244,3.08040001472025e-05,0.0,7.33220435000261e-05,0.048582926928044716,0.0,9.616005707936884e-06,0.12775295174008913,0.0,0.11260752191742789
9,confidence_relevance_centrality,0,0.005311397533169849,0.00013053414215537522,0.0,0.00023681884122658242,0.08558913423375329,0.0005309077156087223,0.06717107744371073,0.0014510959776248558,0.0,0.2100482944046988,0.00037534980654198313,0.002424991569909934,0.2861425223047036,0.000180709825164348,0.0,0.0004496462342421131,0.08019846118761903,0.0,0.00013156604579357266,0.1382011408700188,0.0,0.1214263518640584
10,lift_relevance_centrality,0,0.001967373518777628,0.00011618792440787955,0.0,0.00011387380612365139,0.03095757623823279,0.0001920292362864139,0.08934214488130347,0.0005542531616671318,0.0,0.2581883621662364,0.00014673700764294398,0.0012909550817447534,0.23363027710173448,9.475492196075249e-05,0.0,0.00017439383012086398,0.06806671196164531,0.0,7.502015739307067e-05,0.16710014283148458,0.0,0.14798920617323783
11,equal_relevance_centrality,0,0.004511900864575669,0.00011399316687115363,0.0,0.00022405548510276752,0.07245249709203884,0.00044942141389382674,0.07081018519559659,0.001228374700134219,0.0,0.22466446209769014,0.0003177392902784572,0.002690952030204148,0.27496115187419506,0.00015297360114035837,0.0,0.0003806323404311913,0.07576287316229498,0.0,0.00011137264835786455,0.14085772206531885,0.0,0.1303096929718759
12,relevance_relevance_centrality,0,0.0009952492257353075,6.800000587613674e-06,0.0,1.0938145931822742e-05,0.04296471145931589,3.886593372695441e-05,0.08862371395251895,0.0005216792485574168,0.0,0.2518265883885912,1.871424610510818e-05,0.00029549259326151864,0.25051429392214536,1.2257904301031773e-05,0.0,2.7494289087253872e-05,0.056587367777899536,0.0,4.354409063400896e-06,0.16309018378247295,0.0,0.14446129472069877
13,perm,1,-0.17647058823529466,0.0,0.0,0.0,0.0,0.0,0.0,0.0,0.0,0.0,-3.5265907841034446e-16,0.0,1.2352941176470604,0.0,0.0,-0.05882352941176524,0.0,0.0,0.0,0.0,0.0,0.0
14,gini,1,0.08263890142971632,0.0,0.0,0.0,0.0,0.0,0.0689884950781818,0.031279698826477825,0.0,0.05898881047587071,0.1572635859312007,0.0,0.3689107480814029,0.0,0.0,0.12214792921772172,0.0,0.0,0.0,0.03525544596848939,0.0,0.07452638499093872
15,shap,1,0.09784840997989849,0.0,0.0,0.0,0.0,0.0,0.035337888862179236,0.03042571127813862,0.0,0.0764777751476772,0.11859879891967792,0.0,0.3293387675604666,0.0,0.0,0.15873754934898743,0.0,0.0,0.0,0.06951394205478462,0.0,0.08372115684819
16,support_impurity_centrality,1,0.12330122463993004,0.0,0.0,0.0,0.0,0.0,0.017314204600868806,0.000623578760983253,0.0,0.02716717923250609,0.1883085897910505,0.0,0.3440356034850313,0.0,0.0,0.24840476182094565,0.0,0.0,0.0,0.015767672049854284,0.0,0.035077185618830053
17,confidence_impurity_centrality,1,0.19064764696718695,0.0,0.0,0.0,0.0,0.0,0.026916756771970526,0.0019152075195994127,0.0,0.04499188758572991,0.1516094248704443,0.0,0.22348363443055513,0.0,0.0,0.24407958840693428,0.0,0.0,0.0,0.05938588797268109,0.0,0.05696996547489844
18,lift_impurity_centrality,1,0.15706927848035124,0.0,0.0,0.0,0.0,0.0,0.015599371910806634,0.0011100333255648193,0.0,0.02607479864712668,0.17245027556630174,0.0,0.3103024603110706,0.0,0.0,0.24996124811197026,0.0,0.0,0.0,0.03441839245006151,0.0,0.033014141196746505
19,equal_impurity_centrality,1,0.19280192320016817,0.0,0.0,0.0,0.0,0.0,0.023581348178936944,0.0017004160802133977,0.0,0.038417109541379536,0.15074623645888185,0.0,0.2479699115381125,0.0,0.0,0.22661521307109614,0.0,0.0,0.0,0.07030027956214979,0.0,0.047867562369061645
20,relevance_impurity_centrality,1,0.11557425219242161,0.0,0.0,0.0,0.0,0.0,0.006563276710202839,0.00024741801526951613,0.0,0.01049104668977948,0.19615118907126045,0.0,0.39605047697390283,0.0,0.0,0.255285998484205,0.0,0.0,0.0,0.006166792391867747,0.0,0.013469549471090523
21,support_relevance_centrality,1,0.23517961156126177,0.0,0.0,0.0,0.0,0.0,0.0009987722403119734,0.005317258567468432,0.0,0.0017162172399261088,0.11152177140185021,0.0,0.5349279961220972,0.0,0.0,0.09370186601587029,0.0,0.0,0.0,0.0002328208121849785,0.0,0.016403686039029017
22,confidence_relevance_centrality,1,0.24253710447100774,0.0,0.0,0.0,0.0,0.0,0.0037606496132858514,0.0045640208057852365,0.0,0.005479024693957397,0.11867216239197736,0.0,0.5115329721193798,0.0,0.0,0.09702715944295318,0.0,0.0,0.0,0.0008608476743064142,0.0,0.015566058787347016
23,lift_relevance_centrality,1,0.233497193241525,0.0,0.0,0.0,0.0,0.0,0.0011400871754031045,0.0013836400372923064,0.0,0.0016610286989581708,0.11599286101742944,0.0,0.5433420962720003,0.0,0.0,0.09800308307417586,0.0,0.0,0.0,0.0002609767481058139,0.0,0.004719033735110072
24,equal_relevance_centrality,1,0.24678167090235748,0.0,0.0,0.0,0.0,0.0,0.0023278334552303552,0.0028251183743734525,0.0,0.003875911180074613,0.11703840550579997,0.0,0.5219770710295781,0.0,0.0,0.09500577226047692,0.0,0.0,0.0,0.0005328627290955745,0.0,0.009635354563013517
25,relevance_relevance_centrality,1,0.23067852039779832,0.0,0.0,0.0,0.0,0.0,0.0003148316618288782,0.0016760992551142224,0.0,0.0005160997818314857,0.11386017348353399,0.0,0.5506725723789387,0.0,0.0,0.09703756587797058,0.0,0.0,0.0,7.338947033191473e-05,0.0,0.005170747692651838
26,perm,2,-0.032258064516128754,0.0,0.0,-0.09677419354838684,0.0,0.0,0.25806451612903225,0.0,0.0,-0.19354838709677377,0.03225806451612924,0.0,1.032258064516128,0.0,0.0,0.0,0.0,0.0,0.0,0.0,0.0,0.0
27,gini,2,0.19177601200109715,0.007877427374330661,0.0,0.03749352452205444,0.015043698110700924,0.0,0.13645465348242777,0.0026075743391882717,0.0,0.10004392488025417,0.09153988028992317,0.0,0.3516689942549173,0.03796482359573242,0.0,0.0,0.0,0.0,0.0,0.0,0.0,0.027529487149373737
28,shap,2,0.08804998711344902,0.018258833020572726,0.0,0.05746566160287924,0.03401238614934139,0.0,0.11979586657058147,0.026836239484545155,0.0,0.1514370982820548,0.08515345274200381,0.0,0.2630350718123221,0.024576725708235533,0.0,0.0,0.0,0.0,0.0,0.0,0.0,0.13137867751401486
29,support_impurity_centrality,2,0.20428671619755007,0.008288093176555407,0.0,0.05788142565633093,0.007681309520229283,0.0,0.16624412923597057,0.0005327630980823747,0.0,0.08097509867009148,0.10087031167957047,0.0,0.3226722472974553,0.020090727131498183,0.0,0.0,0.0,0.0,0.0,0.0,0.0,0.030477178336665932
30,confidence_impurity_centrality,2,0.11817019518027196,0.028998704278261612,0.0,0.13892844725383272,0.011357780023615448,0.0,0.22693751553286778,0.0014857587183463535,0.0,0.1002442537987362,0.04638006582982017,0.0,0.24006235980018065,0.03417523463341857,0.0,0.0,0.0,0.0,0.0,0.0,0.0,0.05325968495064856
31,lift_impurity_centrality,2,0.1176074803766912,0.011966928747713835,0.0,0.21306142157590696,0.004687536097434072,0.0,0.14341737424148066,0.0006132079981578637,0.0,0.0936067228025806,0.06122017807874513,0.0,0.31773986371582763,0.01410323613562856,0.0,0.0,0.0,0.0,0.0,0.0,0.0,0.021976050229833503
32,equal_impurity_centrality,2,0.11106248510788988,0.02284954485268096,0.0,0.16278681201597,0.008961704949650096,0.0,0.20171799879560287,0.001219761030574244,0.0,0.10118767596137752,0.0494515585832337,0.0,0.2624360940580799,0.030845834914840817,0.0,0.0,0.0,0.0,0.0,0.0,0.0,0.04748052973010002
33,relevance_impurity_centrality,2,0.20889945548897637,0.002907177770071065,0.0,0.06878926361975575,0.0027170744749084375,0.0,0.15981546691790982,0.0001856424470987021,0.0,0.04333265719515554,0.12048809199795403,0.0,0.3756411575133504,0.006800784924396504,0.0,0.0,0.0,0.0,0.0,0.0,0.0,0.010423227650423389
34,support_relevance_centrality,2,0.3240803561577861,4.999062725299749e-05,0.0,0.001731891865787259,0.0004356481676672714,0.0,0.0994967786322961,0.0038284760972911998,0.0,0.004514619503904808,0.08541245889104608,0.0,0.4680967078723535,0.00042095172488294726,0.0,0.0,0.0,0.0,0.0,0.0,0.0,0.011932120459731693
35,confidence_relevance_centrality,2,0.3125261626205917,0.00040768034826603163,0.0,0.006895330050482736,0.001065830975842669,0.0,0.10480721858732955,0.003602508698357355,0.0,0.011849050150019934,0.0891916112083421,0.0,0.455486235107929,0.001747861657444139,0.0,0.0,0.0,0.0,0.0,0.0,0.0,0.012420510595394754
36,lift_relevance_centrality,2,0.32858549813692706,0.00011103575445775377,0.0,0.002522139102355209,0.00029028955413606917,0.0,0.1012852404375039,0.0009811786929794784,0.0,0.007574853969346425,0.0866422117659891,0.0,0.4681486699263571,0.0004760466014684994,0.0,0.0,0.0,0.0,0.0,0.0,0.0,0.0033828360584793847
37,equal_relevance_centrality,2,0.31948548665794885,0.0002494162586085941,0.0,0.004592981377738048,0.000652068649947175,0.0,0.10231681689099997,0.0022039920368270394,0.0,0.01045356790297699,0.08834524509792645,0.0,0.4628456533853584,0.0012411628871484164,0.0,0.0,0.0,0.0,0.0,0.0,0.0,0.007613608854520077
38,relevance_relevance_centrality,2,0.33078834265370094,1.4751183728564075e-05,0.0,0.0006087746320780334,0.00012855062073761507,0.0,0.10072928270738885,0.0011297028550665605,0.0,0.0018932573662861975,0.08636884751307511,0.0,0.4746967423679413,0.00012115879379843542,0.0,0.0,0.0,0.0,0.0,0.0,0.0,0.00352058930619844
39,perm,3,-0.14285714285714662,0.8571428571428694,-0.0,-0.857142857142872,2.0000000000000306,-0.0,1.7142857142857404,-2.1428571428571783,-0.0,0.28571428571428975,-0.0,-0.14285714285714618,3.5714285714286267,-0.0,1.2857142857143042,-2.000000000000033,-0.5714285714285804,-0.0,-0.14285714285714532,-3.142857142857194,-0.0,0.4285714285714342
40,gini,3,0.06292965001297718,0.06050441298219993,0.02065152215862154,0.060113420832745394,0.056902431811639016,0.01034675041013791,0.037861209845156,0.06911733760545528,0.026917708683684143,0.04777888613843716,0.0152368852201036,0.008834310972759805,0.186510325027738,0.0,0.014370815539776314,0.07613632807687405,0.0670920066821372,0.0,0.058937193024030055,0.029320285058541725,0.0,0.09043851991698557
41,shap,3,0.09622254460543048,0.04057192080881932,0.02163034073433675,0.06776763932817341,0.053599751254362775,0.008302308282257375,0.06115632927796298,0.09485679183876294,0.0178476973948518,0.08118729703014398,0.015050171367199312,0.009171815109810822,0.10449378290841,0.0,0.018009983190880326,0.04663372892899092,0.06669088973685704,0.0,0.04148453591686348,0.03215774846254282,0.0,0.12316472382334334
42,support_impurity_centrality,3,0.07499351637384039,0.06913948254389371,0.020319393091168144,0.0769596578248269,0.03429011003359572,0.005122015749019796,0.028534441136802056,0.051399566823089674,0.030929235956814804,0.06857642678016734,0.0023192160071098316,0.03207548702924996,0.14024635226017898,0.0,0.023843295379732746,0.05984633681422381,0.05729000399567233,0.0,0.04359968553672601,0.050935120639536334,0.0,0.12958065602435143
43,confidence_impurity_centrality,3,0.10334025964552082,0.07923504967943135,0.033347124755183866,0.07887467003592938,0.029176891288236098,0.008007823713089618,0.04620060080581889,0.05408664534247184,0.014565311573325178,0.03382651999318364,0.0010869341838291018,0.027115683703795086,0.13737712779692224,0.0,0.017132345201628513,0.05371448625735521,0.05407417427161569,0.0,0.05792888160991137,0.039064525153484735,0.0,0.13184494498926758
44,lift_impurity_centrality,3,0.10513813520352713,0.08343274224243932,0.04282973312876388,0.07768817355045857,0.033971863680737985,0.01110390681795217,0.05128061225443526,0.05884521210576592,0.006453013234392648,0.03538564160960289,0.00043597729362061853,0.03278280683158579,0.1087014691871684,0.0,0.016750748157170904,0.060414387311226864,0.06976405226088946,0.0,0.05578615213098644,0.03986681969904564,0.0,0.10936855330023018
45,equal_impurity_centrality,3,0.10327995463500228,0.07884710673814462,0.033958675506784275,0.07830949260753169,0.02898025031548289,0.007945788804854111,0.04595240991089656,0.05448978126422756,0.014685383307600944,0.034109556622601296,0.0012365838721344045,0.02703208107060231,0.13706536123788574,0.0,0.016999624564846168,0.05382382989984741,0.053890364343902805,0.0,0.05798808216658607,0.03964989522705679,0.0,0.1317557779040122
46,relevance_impurity_centrality,3,0.08841782972574665,0.07657932382885878,0.02234334858440315,0.08055079596364459,0.0239681201730915,0.005323006053212121,0.0355511323280509,0.050079699003535726,0.01698653166962127,0.04279193207420244,0.0007506596822536085,0.023980205675023323,0.15163197031276626,0.0,0.012657410402080852,0.061246990265673,0.07264334317853223,0.0,0.04503363448220665,0.04968132829540602,0.0,0.13978273830169102
47,support_relevance_centrality,3,0.0017661895257498452,2.7563454522043602e-05,9.907944540527954e-05,0.005592827006815892,0.002240834368754713,1.6601926441730916e-05,0.012180810676504165,0.09199239410878537,0.05622891560401032,0.025460114309126234,4.171766157623473e-05,0.0007980631167526938,0.03132941875843568,0.0,2.6392806227297895e-05,0.08978355604598462,0.30606542065206216,0.0,0.003725748734833283,0.038047251239397464,0.0,0.33457710055861495
48,confidence_relevance_centrality,3,0.006203844914413513,0.0002905272406392421,0.0009963718902388445,0.01296841884470478,0.007206631956569112,0.00016378717272805566,0.018907616221164956,0.04270251756744406,0.03726303203946472,0.031802970993935274,0.00020278411685679506,0.0017562550007551745,0.036533776992378336,0.0,0.00020278411545365362,0.14458916790170787,0.45313176257515675,0.0,0.008999822809236535,0.028251939091692324,0.0,0.16782598855546
49,lift_relevance_centrality,3,0.0083348475344829,0.0005886054076375077,0.0020613409865885227,0.008335343344868839,0.009329196890916746,0.0001329794496390713,0.011015569296756046,0.04722257424676215,0.08297939981382378,0.049924412802142756,0.00011643699265415715,0.0015437714607648512,0.04482162296059394,0.0,0.00029812987282456377,0.12423307932856517,0.3216290478825989,0.0,0.005780821593397096,0.05795611183588046,0.0,0.22369670829910254
50,equal_relevance_centrality,3,0.005774096250394641,0.00029283744404411707,0.0009180363516191398,0.011948831595005921,0.006640040906096492,0.00015091009688885748,0.01742108462065526,0.04322427054732687,0.045623341188649094,0.033286261602415046,0.0001868410707179781,0.001794751687451573,0.03764271708606082,0.0,0.00018684106942515276,0.14075385244628244,0.42879180338122935,0.0,0.008352134553529624,0.034940991315670654,0.0,0.18207035678653696
51,relevance_relevance_centrality,3,0.0011194865013321763,4.9854627966815396e-05,0.00018568982292480166,0.002871121174021189,0.0018232449251298318,1.0218630056463068e-05,0.006138338201601364,0.0723879471321947,0.10622102545321345,0.039932067882094247,2.0996945464414597e-05,0.00043959457353202246,0.041984607790795145,0.0,2.1976394754903093e-05,0.09715203985705546,0.231973094673786,0.0,0.0019043280973313225,0.07119652711765538,0.0,0.32456784019909035
52,perm,4,0.0,0.0,0.0,0.0,0.0,0.0,0.0,0.0,0.0,0.0,0.8536585365853654,0.0,0.21951219512195128,0.0,0.0,2.1933674388936007e-16,-0.07317073170731685,0.0,0.0,0.0,0.0,0.0
53,gini,4,0.03982164811378265,0.0,0.0,0.0,0.0,0.0,0.0,0.02826396495072992,0.0,0.10912912368705698,0.14358963294696067,0.0,0.38892404042496703,0.02440170061641491,0.0,0.11606597304272707,0.04572225740713465,0.0,0.0,0.04541352997887427,0.0,0.05866812883135201
54,shap,4,0.015531454867500506,0.0,0.0,0.0,0.0,0.0,0.0,0.01906936435968287,0.0,0.11929354481208125,0.19824053903906,0.0,0.3349148182121229,0.013414725842390948,0.0,0.1378591885333215,0.06485474443538305,0.0,0.0,0.026765535512402835,0.0,0.07005608438605421
55,support_impurity_centrality,4,0.031365456136972905,0.0,0.0,0.0,0.0,0.0,0.0,0.0005209325225640535,0.0,0.04594223477480417,0.16219956545420938,0.0,0.3042152703501828,0.005796204411024568,0.0,0.3253360989421989,0.06366268559632363,0.0,0.0,0.020592712801215343,0.0,0.040368839010504226
56,confidence_impurity_centrality,4,0.1105281824835259,0.0,0.0,0.0,0.0,0.0,0.0,0.0019186350115597763,0.0,0.0850150551215826,0.15512315462933285,0.0,0.1827815288398552,0.012171596267410196,0.0,0.3020543805523615,0.025574329192047912,0.0,0.0,0.05501620917181991,0.0,0.0698169287305041
57,lift_impurity_centrality,4,0.06641435429140499,0.0,0.0,0.0,0.0,0.0,0.0,0.001153146831517983,0.0,0.051086839466879176,0.1581867210759054,0.0,0.2651018150261902,0.007315281429987079,0.0,0.3224146877236603,0.05330567873877236,0.0,0.0,0.0330643718922772,0.0,0.041957103523405356
58,equal_impurity_centrality,4,0.10642348121936127,0.0,0.0,0.0,0.0,0.0,0.0,0.00176753275830801,0.0,0.07527511868680772,0.15006895432361103,0.0,0.21223187368867014,0.009765006153812842,0.0,0.289327080609824,0.033774972548837115,0.0,0.0,0.06334268085629756,0.0,0.05802329915447032
59,relevance_impurity_centrality,4,0.012208485121953869,0.0,0.0,0.0,0.0,0.0,0.0,0.0002051936911801032,0.0,0.017707973521014456,0.16262677698182282,0.0,0.3550021233464945,0.002320763296555645,0.0,0.3438188356963421,0.08247860937830437,0.0,0.0,0.00789282492384196,0.0,0.015738414042490254
60,support_relevance_centrality,4,5.7628636212225004e-05,0.0,0.0,0.0,0.0,0.0,0.0,0.0015938500637716331,0.0,0.0016780867357323549,0.1376912792985001,0.0,0.5681471655517343,6.302773485061924e-05,0.0,0.2495867084520522,0.037419744288798996,0.0,0.0,0.00016531225275440235,0.0,0.003597196985593214
61,confidence_relevance_centrality,4,0.0006423215512840144,0.0,0.0,0.0,0.0,0.0,0.0,0.0018699845162371157,0.0,0.005587111435422431,0.13755423282866588,0.0,0.5642410453584471,0.00032423041268553717,0.0,0.24536740260318626,0.03813561039083148,0.0,0.0,0.0007896641293566607,0.0,0.005488396773883472
62,lift_relevance_centrality,4,0.00017275735846200834,0.0,0.0,0.0,0.0,0.0,0.0,0.0005029468258456394,0.0,0.0015026961077142678,0.13885127605729886,0.0,0.5679830153189412,8.720428190038163e-05,0.0,0.2511741366866655,0.0380374393325328,0.0,0.0,0.00021238628656816623,0.0,0.0014761417440711502
63,equal_relevance_centrality,4,0.00035698647799232703,0.0,0.0,0.0,0.0,0.0,0.0,0.0010392912786706416,0.0,0.0031051787527524403,0.13853137428152054,0.0,0.5676283252713424,0.0001801992675650228,0.0,0.24763928011975178,0.03787618766534612,0.0,0.0,0.0004388758492882401,0.0,0.0032043010357704666
64,relevance_relevance_centrality,4,1.7982447546663315e-05,0.0,0.0,0.0,0.0,0.0,0.0,0.000497345192436933,0.0,0.000523630401636114,0.1387824587859962,0.0,0.5690739593993205,1.966718302521878e-05,0.0,0.25210734375639426,0.0378105773616395,0.0,0.0,5.158405801574211e-05,0.0,0.001115451413988855
65,perm,5,0.4000000000000002,-0.0,-0.0,-0.0,-0.0,-0.0,0.3600000000000001,-0.0,-0.0,-0.0,0.40000000000000024,-0.0,-0.16000000000000053,-0.0,-0.0,-0.0,-0.0,-0.0,-0.0,-0.0,-0.0,-0.0
66,gini,5,0.19652329683993608,0.007351719891091219,0.0,0.0379255391207086,0.0,0.04125545619752768,0.14306331955797968,0.0028332454034734698,0.0,0.029869167200984138,0.12081257710850157,0.0,0.36772821127326294,0.03399646822856812,0.0,0.0,0.0,0.0,0.0,0.0,0.0,0.018640999177966414
67,shap,5,0.11926394515755338,0.018978618924726944,0.0,0.054924141815990285,0.0,0.04041759337517145,0.11036123801817116,0.021082710458951062,0.0,0.051654727959773175,0.1382814625820297,0.0,0.29067453255902487,0.0647032770909028,0.0,0.0,0.0,0.0,0.0,0.0,0.0,0.08965775205770524
68,support_impurity_centrality,5,0.23892861691918243,0.007467013323108765,0.0,0.02123019469019764,0.0,0.01428589808169535,0.18513836573033335,0.00031694850766997914,0.0,0.010661963610511273,0.14050363264717097,0.0,0.3401471768830422,0.017600455352934335,0.0,0.0,0.0,0.0,0.0,0.0,0.0,0.023719734254153697
69,confidence_impurity_centrality,5,0.2377102801302147,0.03415589095765224,0.0,0.026211226591223973,0.0,0.016603862567486586,0.2660150416887536,0.0012051456468153518,0.0,0.02147720870590636,0.0896180076596876,0.0,0.2200386649420408,0.036293622096326146,0.0,0.0,0.0,0.0,0.0,0.0,0.0,0.05067104901389263
70,lift_impurity_centrality,5,0.24418020675356375,0.01612105638028264,0.0,0.012372010577455454,0.0,0.007837358037369607,0.22257169764593104,0.0005688782937577075,0.0,0.01013755123162801,0.13461237179589428,0.0,0.31055398633938197,0.017130096131797043,0.0,0.0,0.0,0.0,0.0,0.0,0.0,0.023914786812938512
71,equal_impurity_centrality,5,0.22451124800800157,0.028527759424402683,0.0,0.02734235971935729,0.0,0.017448824197993085,0.25710494052285204,0.0010787209341305251,0.0,0.02217323608955127,0.09695439428806482,0.0,0.24262374418476151,0.03661195958307405,0.0,0.0,0.0,0.0,0.0,0.0,0.0,0.045622813047811156
72,relevance_impurity_centrality,5,0.24724348603340945,0.0025078983015316193,0.0,0.00621595870678849,0.0,0.004208448267693405,0.18543567082659612,0.00010543224699068077,0.0,0.00338663342879572,0.1633775028630959,0.0,0.3741139249163601,0.005635348168716159,0.0,0.0,0.0,0.0,0.0,0.0,0.0,0.007769696240022364
73,support_relevance_centrality,5,0.3374888207242137,4.6208435397333234e-05,0.0,0.0018799987510513226,0.0,0.0034823523131108387,0.11199064586752697,0.0032202145197661124,0.0,0.0005204681935361836,0.0699297042627656,0.0,0.4624398954490964,0.001887944177191998,0.0,0.0,0.0,0.0,0.0,0.0,0.0,0.007113747306343503
74,confidence_relevance_centrality,5,0.3375403764269081,0.00036454435787709993,0.0,0.00684533294229948,0.0,0.008103498075157617,0.1139142003922899,0.002721931205458525,0.0,0.001810863146930377,0.07200035702630492,0.0,0.4439642534332251,0.005103596352770516,0.0,0.0,0.0,0.0,0.0,0.0,0.0,0.007631046640778404
75,lift_relevance_centrality,5,0.3344539443247538,0.00010229390939671939,0.0,0.0019208522986661459,0.0,0.0022738966177569863,0.11540148457091144,0.0007637945234932848,0.0,0.0005081411833079809,0.07235385877690009,0.0,0.4686483041377354,0.0014321060374289352,0.0,0.0,0.0,0.0,0.0,0.0,0.0,0.002141323619649248
76,equal_relevance_centrality,5,0.3427994959139491,0.00023451783590816577,0.0,0.00440372380757068,0.0,0.0065530011115754,0.11247658117364207,0.00175106650809898,0.0,0.0013520032722553843,0.07081514846057775,0.0,0.45142204074358666,0.0032832338401025504,0.0,0.0,0.0,0.0,0.0,0.0,0.0,0.004909187332733233
77,relevance_relevance_centrality,5,0.3340319257677158,1.363168103251332e-05,0.0,0.0005546074672728773,0.0,0.0009376864278685258,0.1149076992358992,0.0009499767049796434,0.0,0.00014876764663393185,0.07179836767154635,0.0,0.4740018012782521,0.000556951365616484,0.0,0.0,0.0,0.0,0.0,0.0,0.0,0.002098584753182566
78,perm,6,0.0,0.0,0.0,0.0,0.0,0.0,0.0,0.0,0.0,0.0,0.29545454545454536,0.0,0.43181818181818166,0.0,0.0,0.34090909090909094,-0.06818181818181804,0.0,0.0,0.0,0.0,0.0
79,gini,6,0.0,0.0,0.045143635624531143,0.0,0.0,0.0,0.0,0.0,0.0,0.0,0.11264034950919685,0.0,0.4457005983852288,0.0,0.0,0.11481604920938163,0.12366298060365123,0.0,0.0,0.10629769067353097,0.0,0.05173869599447936
80,shap,6,0.0,0.0,0.06360062031421358,0.0,0.0,0.0,0.0,0.0,0.0,0.0,0.11405404335678246,0.0,0.4470412036837767,0.0,0.0,0.14941951468056677,0.09515863667531435,0.0,0.0,0.07603729541423887,0.0,0.054688685875107244
81,support_impurity_centrality,6,0.0,0.0,0.01628991733364156,0.0,0.0,0.0,0.0,0.0,0.0,0.0,0.1906190964087048,0.0,0.38447645885016074,0.0,0.0,0.2849461332790472,0.0808258512473616,0.0,0.0,0.029481960216111613,0.0,0.013360582664972491
82,confidence_impurity_centrality,6,0.0,0.0,0.04156625366838314,0.0,0.0,0.0,0.0,0.0,0.0,0.0,0.16799713762935262,0.0,0.3412242175409025,0.0,0.0,0.252727971724467,0.07113336090993329,0.0,0.0,0.09431927243750865,0.0,0.031031786089452833
83,lift_impurity_centrality,6,0.0,0.0,0.016662498452660744,0.0,0.0,0.0,0.0,0.0,0.0,0.0,0.18983305566060635,0.0,0.37261978711104227,0.0,0.0,0.28863323846308314,0.08200499481553557,0.0,0.0,0.03780666375242703,0.0,0.0124397617446449
84,equal_impurity_centrality,6,0.0,0.0,0.03484474852751893,0.0,0.0,0.0,0.0,0.0,0.0,0.0,0.17514772506168697,0.0,0.353166102825202,0.0,0.0,0.2619511244578339,0.07462971565088977,0.0,0.0,0.07452698608798505,0.0,0.025733597388883353
85,relevance_impurity_centrality,6,0.0,0.0,0.005360432233312815,0.0,0.0,0.0,0.0,0.0,0.0,0.0,0.19969341063324433,0.0,0.3908912305003835,0.0,0.0,0.30337368862806247,0.08635719026672685,0.0,0.0,0.009902856591502486,0.0,0.004421191146767516
86,support_relevance_centrality,6,0.0,0.0,0.006237207172850459,0.0,0.0,0.0,0.0,0.0,0.0,0.0,0.17294876994424102,0.0,0.553713702408431,0.0,0.0,0.21142466939367185,0.04307610856821285,0.0,0.0,0.011497286392500455,0.0,0.00110225612009243
87,confidence_relevance_centrality,6,0.0,0.0,0.016028919273589983,0.0,0.0,0.0,0.0,0.0,0.0,0.0,0.1734347535019477,0.0,0.537409453935964,0.0,0.0,0.18581662717136413,0.06969792245249654,0.0,0.0,0.015476158559539573,0.0,0.0021361651050981535
88,lift_relevance_centrality,6,0.0,0.0,0.005106155814093025,0.0,0.0,0.0,0.0,0.0,0.0,0.0,0.1779162089120158,0.0,0.545888540160201,0.0,0.0,0.21697402572710492,0.04850451521682226,0.0,0.0,0.004930059889141639,0.0,0.000680494280621284
89,equal_relevance_centrality,6,0.0,0.0,0.009800719072635317,0.0,0.0,0.0,0.0,0.0,0.0,0.0,0.1783329119382862,0.0,0.539031681731272,0.0,0.0,0.20465254975189806,0.05735690703494378,0.0,0.0,0.009462739176403423,0.0,0.0013624912945611317
90,relevance_relevance_centrality,6,0.0,0.0,0.002074815977414501,0.0,0.0,0.0,0.0,0.0,0.0,0.0,0.17724086699427957,0.0,0.5521047531053582,0.0,0.0,0.22438196265810953,0.04001427617805351,0.0,0.0,0.003824588569802581,0.0,0.00035873651698207094
91,perm,7,-0.07407407407407486,0.0,0.0,0.0,0.4814814814814838,0.0,-0.07407407407407464,0.18518518518518606,0.0,0.6666666666666697,-0.29629629629629856,0.0,-0.33333333333333554,-0.25925925925926113,0.0,0.18518518518518587,0.4814814814814837,0.0,-0.25925925925926124,0.22222222222222296,0.33333333333333487,-0.259259259259261
92,gini,7,0.05719868845268089,0.017635138391317844,0.030757296996552677,0.0,0.03437371254947087,0.013764579327500994,0.017290589144675156,0.024829570811077024,0.0,0.05022045076690292,0.07895328701135115,0.03211425909192287,0.218023334377839,0.017635138391317844,0.0,0.07766742805939494,0.03456697997650182,0.0,0.014168402296279164,0.08116988080678483,0.05623916034734736,0.14339210320108273
93,shap,7,0.03147471402591867,0.014252480677730734,0.010074839423036618,0.0,0.03709290353434619,0.009650415222414017,0.016077541439404784,0.043012147731581324,0.0,0.07772058291655523,0.042804510787646396,0.008057667010100411,0.09528068599312582,0.027308593766536077,0.0,0.10580282985127037,0.12458999703155345,0.0,0.01257744462834889,0.0946753040447987,0.06810126072439092,0.18144608119124148
94,support_impurity_centrality,7,0.11117008662756526,0.011840604940119652,0.04232672907661322,0.0,0.015613760775863454,0.003909825960116728,0.045926697741874,0.0413642506767345,0.0,0.06909911164971816,0.010244302180550552,0.025716418441041007,0.16619624328997662,0.008328814785807501,0.0,0.11520933131212022,0.054233383241550935,0.0,0.00455213677060904,0.09952430183241019,0.06658028062687141,0.10816372007045755
95,confidence_impurity_centrality,7,0.1025608342589051,0.025378275737897128,0.02993962409380316,0.0,0.01975118065537995,0.0017857872883211563,0.05392950229313543,0.050796608964720935,0.0,0.06702663709718448,0.007378867350483529,0.02488673652170727,0.16359926455719806,0.00441277860194879,0.0,0.1221545261396554,0.06499438207911919,0.0,0.0012508481061801423,0.10377291752916418,0.05873722442019055,0.09764400430500562
96,lift_impurity_centrality,7,0.08620190383186209,0.03493768531179158,0.028218718001298007,0.0,0.021565961617104886,0.0020228701070916896,0.07285571515280656,0.058474588583077775,0.0,0.07186628167567378,0.008400757998561586,0.025566285321427663,0.13927468227047135,0.0024235666449629488,0.0,0.11558717917367411,0.07008716238502975,0.0,0.0007670197658825627,0.10198926813676178,0.06157378251904221,0.09818657150347952
97,equal_impurity_centrality,7,0.1018963133891842,0.024946701682015245,0.02943048134765329,0.0,0.019415299004792903,0.0019467771669926105,0.053012396092670284,0.05121336998331235,0.0,0.0678693178834409,0.007423824993074242,0.02446352140933073,0.16136047460533484,0.005098226196793098,0.0,0.12274435035099207,0.06667733057461231,0.0,0.0015807583578017232,0.10282906887203871,0.058101758009394544,0.09999003008056602
98,relevance_impurity_centrality,7,0.11308093117804159,0.012738197952818713,0.02573942193430898,0.0,0.010137832525538577,0.0015863456775296358,0.052210378120817164,0.03053162804928787,0.0,0.06089417412433962,0.007851790574480225,0.013878017647256507,0.17978912155310595,0.003134562862998593,0.0,0.12776297684407428,0.06287801727877398,0.0,0.0014316211722112666,0.11212830899526843,0.06781617686543304,0.11641049664371558
99,support_relevance_centrality,7,0.09183098735397667,6.630000781660801e-05,3.699424578600784e-05,0.0,0.0007348952974693639,0.0006864341555211324,5.055441457035359e-06,4.5183007375710005e-05,0.0,0.001407519074948281,0.009675292528060769,1.5732428399397033e-05,0.39874519850670664,1.2111995118661166e-05,0.0,0.025086766894691862,0.013643674884073179,0.0,0.00018957905335377053,0.028097446985310217,0.022644993088096983,0.4070758350518377
100,confidence_relevance_centrality,7,0.16316154975763228,0.0006236614420562245,0.0004394524991515801,0.0,0.002165355092963121,0.0020163115683110196,0.00011558203905681095,0.0004807889671851161,0.0,0.004985263918978574,0.02066552921943197,0.00017758696663894335,0.29906016136853664,0.00011889298646897553,0.0,0.059124065564916464,0.024307674342666917,0.0,0.0008230842368845701,0.04756285429473152,0.05322014074790264,0.3209520449864866
101,lift_relevance_centrality,7,0.23158830494119817,0.00032830257603457425,0.00043857553643627536,0.0,0.0015500687535578307,0.0012108481826816455,0.00019214670400760926,0.00045323857644216295,0.0,0.003415837932770332,0.02458223351538602,0.0001421127716751245,0.22760672694902662,7.531345011078654e-05,0.0,0.07037291975578834,0.03949111865034139,0.0,0.00044670087501260926,0.07858700900141279,0.06728927148979566,0.25222927033832204
102,equal_relevance_centrality,7,0.18707832910143413,0.0005525265433095653,0.0003893284944864083,0.0,0.0019183744318200387,0.0024639694935774505,0.00010239873784432805,0.0004970602572311639,0.0,0.004430865970472389,0.02125923086699302,0.00015733137596311524,0.27878326393925285,0.00011733188902406563,0.0,0.059905682228553324,0.026098246406450275,0.0,0.0009898544888099835,0.053073660739745086,0.05396936929192552,0.3082131757431073
103,relevance_relevance_centrality,7,0.17366098097268798,4.048027112660014e-05,3.458400264406007e-05,0.0,0.0004538088913517124,0.00037664824991281667,1.0491499917303072e-05,4.484715852629954e-05,0.0,0.00088394390738564,0.016669879734933616,1.0971194131091611e-05,0.3039786548079277,8.241790502199084e-06,0.0,0.04763803297226958,0.02993346572596726,0.0,0.00010810707760932486,0.06034364235156966,0.04620367717765005,0.3195995422138871
104,perm,8,0.008064516129032188,0.0,0.048387096774193554,0.01612903225806452,0.07258064516129033,0.0,0.19354838709677422,0.10483870967741937,0.0,0.08870967741935486,0.0,0.03225806451612904,0.05645161290322581,0.03225806451612904,0.0,0.16935483870967744,0.0,0.0,0.03225806451612901,0.040322580645161296,0.08064516129032259,0.024193548387096683
105,gini,8,0.07154341154424668,0.005519614614200236,0.0442554060709443,0.012500016312254985,0.028126118579284556,0.06220012740519057,0.059499298875346086,0.022929178513738862,0.015623668699559397,0.04099527545929417,0.0,0.029830158981648678,0.19408062657447597,0.04304302476675031,0.0,0.07743034720908765,0.029789100617286228,0.015935202037289653,0.0818081899999127,0.017524236839473385,0.04410845998667703,0.1032585369133386
106,shap,8,0.10067673821363339,0.010006234681516936,0.05704935846588895,0.019039661015186747,0.050903840451981416,0.03840353356891054,0.11992127747741708,0.06250890770830089,0.0074759711009858175,0.02085089074638931,0.0,0.025680100062010696,0.09779759017703045,0.03847325710452426,0.0,0.10076902633234107,0.024460609081507538,0.0027627309284163617,0.031990342551496104,0.016001883454109425,0.07629399597922527,0.0989340508991277
107,support_impurity_centrality,8,0.09291057635974723,0.001851251733415826,0.018740723795930725,0.02466180569171793,0.06082584993036783,0.09924861493952142,0.031141476397861054,0.05270612059853639,0.0028196948127970755,0.03683197266239132,0.0,0.02275206032028941,0.14040306273324274,0.023857515183456843,0.0,0.0727290708660518,0.0329072393965595,0.021901452356402406,0.076484182195907,0.007553725842998135,0.05472720105588727,0.12494640312691807
108,confidence_impurity_centrality,8,0.07517897104651619,0.0003718183658704583,0.024501818135355888,0.04023939226976055,0.06467019049730217,0.09616437721730416,0.038790691720672996,0.07202614077860155,0.0007626010439553322,0.03218364666343321,0.0,0.01300472930751649,0.12468613320192667,0.02396876115079736,0.0,0.05452997677738999,0.03071675354106876,0.03483893448103506,0.09868800085239654,0.0006826612993176975,0.04252986049169789,0.13146454115808098
109,lift_impurity_centrality,8,0.05910444485903581,0.00013374613147272243,0.03143144415196482,0.04768094269480447,0.06412555404736815,0.09074481609345365,0.049781513979138624,0.07525449238352498,0.0002742769148474316,0.03426649953213359,0.0,0.012945035359074531,0.11192734685245949,0.028989908546533844,0.0,0.05968800627721194,0.04040690660669001,0.037656406298802264,0.09168931219117359,0.0006296027779960862,0.05309551420396407,0.11017423009834984
110,equal_impurity_centrality,8,0.07564061233424618,0.0006348599055706488,0.025952198269062036,0.03938884919991103,0.06479093733626103,0.09466844318634637,0.03818906447275089,0.0728932253494009,0.0010170601952965137,0.03290184046282014,0.0,0.014776748959587718,0.1235089282225453,0.023849930856950457,0.0,0.0538807821543632,0.03211091685648998,0.034102541294847355,0.09798785219931469,0.0009348403813850331,0.041841164288686054,0.13092920407416442
111,relevance_impurity_centrality,8,0.09169188918685697,0.0005362134153821297,0.018907484143837753,0.02953151746835499,0.04559257327006559,0.10572849390953047,0.03591544672944805,0.0553834477475288,0.0008408938662891977,0.024265611369023273,0.0,0.0123760745182534,0.15742975204093043,0.019559995399893032,0.0,0.07231957963864355,0.037632591909277396,0.021480033862568866,0.07276658070229035,0.007825023514821594,0.0632232160287991,0.12699358127820506
112,support_relevance_centrality,8,0.11108965755094709,1.3752902317453572e-06,0.0026021350184384714,0.00023079088721666564,4.186039566839433e-05,0.0051216662942606345,0.0304502031488104,0.0514997179136832,0.00019804178959577568,3.188954201262323e-05,0.0,0.00023018919745186654,0.13696004033439974,0.0026562870574173025,0.0,0.10319615204178033,0.044722974663513354,2.1488906986916115e-06,0.004554187445291197,0.09115420979642605,0.1330566789060806,0.28219979383607585
113,confidence_relevance_centrality,8,0.08085737014955552,2.705249714265716e-05,0.006081738798891522,0.0009891068817441814,0.00043114912153430836,0.012885402205051513,0.0365593665757501,0.020625815510156218,0.0009738898968617375,0.00023501853673263038,0.0,0.0009874159505729614,0.12205273984938525,0.005074029815970999,0.0,0.1928955784748252,0.03731078645401653,4.226952672548173e-05,0.011132648693066726,0.07038183154696145,0.23387115189873367,0.16658563761632134
114,lift_relevance_centrality,8,0.1454065873138853,1.3270468435964843e-05,0.003123701548092142,0.0006255365980621122,0.00039159480505222296,0.007665726858538857,0.03883691364586036,0.010892050447249918,0.00047773686373466906,0.0002860282626336747,0.0,0.0009638502873112951,0.16442042489346906,0.0040069889112082265,0.0,0.11571997093073386,0.059577953341135165,7.686918838186437e-05,0.0062375671123466305,0.11696772677809554,0.1360578163779968,0.1882516853677763
115,equal_relevance_centrality,8,0.09277287508670017,2.384270779446091e-05,0.005360138115884243,0.0008717489640440837,0.0003919144609441857,0.011356544202520497,0.03639977118013076,0.01829776608158232,0.000858337480359173,0.0002190548469523548,0.0,0.0008702586625165264,0.1289005644695453,0.004471994197231287,0.0,0.17418648079366802,0.04125815244857408,3.7254230876034625e-05,0.010036274046345703,0.08349597531487757,0.21030015802743263,0.17989089468202063
116,relevance_relevance_centrality,8,0.16814057906490074,5.696392628890622e-07,0.0010838170288408884,0.00010161652474364091,2.503493353475583e-05,0.0022116306357999028,0.03700826646416524,0.021371284658605907,8.20280545445667e-05,2.0503453221195216e-05,0.0,0.00011592515086042277,0.17874673143574005,0.001201926718924924,0.0,0.0671584562905154,0.06729432975127238,3.2996354746958357e-06,0.0019184751900141953,0.13523468569831687,0.07953674940242803,0.23874409026883334
117,perm,9,-0.0,-0.0,-0.0,-0.0,-0.0,0.021276595744680972,-0.0,-0.08510638297872315,0.1702127659574468,0.0425531914893617,0.06382978723404255,-0.0,0.468085106382978,0.4468085106382972,-0.0,-0.404255319148935,0.12765957446808499,-0.0,-0.0,-0.2765957446808502,-0.0,0.4255319148936163
118,gini,9,0.0,0.0,0.0,0.0,0.0,0.026074427422459957,0.02279906039841215,0.0207195476855384,0.05201207221987599,0.027371920678217726,0.11363684420340206,0.0,0.3144243818953103,0.06062798249864055,0.0,0.1111955034487978,0.09816616995730298,0.010200520997942959,0.01747211194779783,0.06384892646555428,0.0,0.06145053018074692
119,shap,9,0.0,0.0,0.0,0.0,0.0,0.04043630560623469,0.015898928211650183,0.04530297676985645,0.061766860729790665,0.039358022892794255,0.08240986663955623,0.0,0.22578680859447148,0.08337826662227901,0.0,0.14957578265903812,0.06130585385806701,0.005306676128377206,0.0162101550289831,0.11066309684687203,0.0,0.06260039941202954
120,support_impurity_centrality,9,0.0,0.0,0.0,0.0,0.0,0.014694592239510787,0.0017097318461738106,0.015422201771928252,0.06861317001722363,0.02081789561015159,0.10651475628969098,0.0,0.20980269721825814,0.052648011231923864,0.0,0.22349888959356268,0.12185943392414324,0.0010184828661689812,0.0015274233250458695,0.10502745825648022,0.0,0.056845255809737955
121,confidence_impurity_centrality,9,0.0,0.0,0.0,0.0,0.0,0.01623297418301527,0.0002279192886806636,0.044988451480813804,0.06742727484711153,0.017470612845231073,0.05552757590482906,0.0,0.22856034338780584,0.04484988117005977,0.0,0.16816992107180556,0.1255100573265592,0.00014050479992636135,0.00021790659120828645,0.1276056024513012,0.0,0.10307097465165223
122,lift_impurity_centrality,9,0.0,0.0,0.0,0.0,0.0,0.015660488196809028,6.9674438924854e-05,0.0525360363512574,0.06841346805766592,0.019201673624394743,0.05176711146844802,0.0,0.21154895565524234,0.05027622476690732,0.0,0.15195814730272192,0.13307695303380399,4.295246684806899e-05,6.661327354076348e-05,0.12653681542376474,0.0,0.11884488593967084
123,equal_impurity_centrality,9,0.0,0.0,0.0,0.0,0.0,0.015779182654871292,0.0002681126664497969,0.04233827429330667,0.06646807382866098,0.024009819071820482,0.056530200110472176,0.0,0.22735387202422636,0.04351304140657706,0.0,0.16745033236474327,0.12689053505423184,0.0001655830704705714,0.00025300065927773817,0.13123938114545566,0.0,0.09774059164943627
124,relevance_impurity_centrality,9,0.0,0.0,0.0,0.0,0.0,0.008254415609947436,0.0004812527817871449,0.018302595580471617,0.055815214092526405,0.02087129715135513,0.09198206292070009,0.0,0.2264688003549132,0.05390415308622481,0.0,0.21241372274635967,0.13888334178904432,0.00028535775756235413,0.00042990924506389167,0.11144464121548506,0.0,0.06046323566855887
125,support_relevance_centrality,9,0.0,0.0,0.0,0.0,0.0,0.00016110543054537603,0.0009089137545630752,0.008213139175718172,0.00023816906236540452,0.0002128980786270727,0.17157228971807117,0.0,0.2902864466070765,0.1084403116801684,0.0,0.17857520550386066,0.07324543602780596,7.889876347289087e-06,0.00018041517233396195,0.00031526776426436115,0.0,0.1676425121482526
126,confidence_relevance_centrality,9,0.0,0.0,0.0,0.0,0.0,0.0007396222725207941,0.002695586269981102,0.005297990178004163,0.001362766039600272,0.0010430122397692128,0.13933055508782502,0.0,0.2861005557972062,0.10746423950065306,0.0,0.17008855144369314,0.14316876550174332,9.359674548685895e-05,0.0009172481057602664,0.0014612163850430513,0.0,0.14023629443271352
127,lift_relevance_centrality,9,0.0,0.0,0.0,0.0,0.0,0.0002832699555867024,0.0009386035488869777,0.001923184395276157,0.0008715412186676168,0.0006594484138159565,0.18167907387622745,0.0,0.2720044542374481,0.11699895122734151,0.0,0.1921052351749222,0.07646552748657127,3.259040100253574e-05,0.00031938592982949974,0.000884854366287254,0.0,0.15483387976813676
128,equal_relevance_centrality,9,0.0,0.0,0.0,0.0,0.0,0.0006269042798686652,0.002008077007630072,0.003946737814173055,0.0010151925691918528,0.0008893773726384422,0.14945274765310154,0.0,0.2932227619440177,0.11002413432734595,0.0,0.17220711119986004,0.11576019922741342,6.97248960993123e-05,0.0006833039817651024,0.0011503040359777067,0.0,0.14894342369091715
129,relevance_relevance_centrality,9,0.0,0.0,0.0,0.0,0.0,5.1327885865485187e-05,0.00029162506091366365,0.002637217014148103,9.697612623961208e-05,9.115832327623599e-05,0.1941530989173524,0.0,0.2718071614082131,0.11819036757252152,0.0,0.19636887869276506,0.05131936382303135,2.5314675417844784e-06,5.788622447819788e-05,0.00012437868106104355,0.0,0.16480802880259246
