,method,fold,cpu_avg_user,cpu_avg_sys,cpu_avg_busy,cpu_avg_wait,cpu_avg_idle,cpu_avg_waste,cpu_max_user,cpu_max_sys,cpu_max_busy,cpu_max_wait,cpu_max_idle,cpu_max_waste,cpu_frac_busy,io_iget,io_bread,io_bwrite,io_lread,io_lwrite,io_phread,io_phwrite,io_wcancel,io_namei,io_dirblk,disk_avg_active,disk_max_active,disk_frac_active,disk_avg_read,disk_avg_write,disk_avg_total,disk_max_read,disk_max_write,disk_max_total,disk_frac_busy,net_avg_read,net_avg_write,net_avg_total,net_max_read,net_max_write,net_max_total,net_frac_busy,mem_swap,mem_fault,mem_tlbflush,syscall_total
0,perm,0,0.0,0.020648967551622436,0.528023598820059,0.0,0.0,0.07964601769911504,0.0,0.30088495575221236,0.023598820058996967,0.0,0.0,0.0,0.0,0.0,0.0,0.0,0.0,0.0,0.0,0.0,-0.023598820058996967,0.0,0.0,0.0,0.0,0.038348082595870255,0.0,0.0,0.0,0.026548672566371678,0.0,0.0,0.0,0.0,0.0,0.0,0.0,0.0,0.0,0.0,0.0,0.0,0.005899705014749242,0.0
1,gini,0,0.0,0.6528352979203679,0.015120738057353688,0.0,0.0,0.06675358338435343,0.0,0.1363783653807835,0.007228542142882106,0.0,0.0,0.0,0.0,0.0,0.0,0.0,0.0,0.0,0.0,0.009587947174003362,0.0114104930676446,0.0,0.0,0.0,0.0,0.06187605524028732,0.0,0.0,0.0,0.01012301687102837,0.0,0.0,0.0,0.0,0.0,0.018994042656285494,0.0,0.0,0.0,0.0,0.0,0.0,0.009691918105010225,0.0
2,shap,0,0.0,0.10240539414894995,0.276212216170512,0.0,0.0,0.0704457230618633,0.0,0.2840737242364267,0.01351987783940575,0.0,0.0,0.0,0.0,0.0,0.0,0.0,0.0,0.0,0.0,0.0,0.04864812660752602,0.0,0.0,0.0,0.0,0.0674210201878402,0.0,0.0,0.0,0.022052330868108618,0.0,0.0,0.0,0.0,0.0,0.08501123109963805,0.0,0.0,0.0,0.0,0.0,0.0,0.030210355779729484,0.0
3,support_impurity_centrality,0,0.0,0.10769515368557127,0.0012794972144650552,0.0,0.0,0.06647808067705202,0.0,0.4264877408595149,0.05535972874253322,0.0,0.0,0.0,0.0,0.0,0.0,0.0,0.0,0.0,0.0,0.00990956221796684,0.06921043808875066,0.0,0.0,0.0,0.0,0.17021073387378793,0.0,0.0,0.0,0.00999991229959237,0.0,0.0,0.0,0.0,0.0,0.05855974195060173,0.0,0.0,0.0,0.0,0.0,0.0,0.02480941039016401,0.0
4,confidence_impurity_centrality,0,0.0,0.02814769097631908,0.00015170237819187116,0.0,0.0,0.14721974963008722,0.0,0.32735351917115896,0.28222519900932225,0.0,0.0,0.0,0.0,0.0,0.0,0.0,0.0,0.0,0.0,0.0007055201859296567,0.12749741498659725,0.0,0.0,0.0,0.0,0.040322850622602366,0.0,0.0,0.0,0.018708896825202527,0.0,0.0,0.0,0.0,0.0,0.017925036929629587,0.0,0.0,0.0,0.0,0.0,0.0,0.009742419284959291,0.0
5,lift_impurity_centrality,0,0.0,0.025356091365005468,0.00016202078144755177,0.0,0.0,0.17701204589738986,0.0,0.3479116632041593,0.231534573402498,0.0,0.0,0.0,0.0,0.0,0.0,0.0,0.0,0.0,0.0,0.0008314553096402345,0.1436776484448,0.0,0.0,0.0,0.0,0.039513146281240856,0.0,0.0,0.0,0.013107511537955013,0.0,0.0,0.0,0.0,0.0,0.012292630102895455,0.0,0.0,0.0,0.0,0.0,0.0,0.00860121367296826,0.0
6,equal_impurity_centrality,0,0.0,0.03403990365060198,0.00014386315674737388,0.0,0.0,0.14108489825753134,0.0,0.3250766456339537,0.26764120989444395,0.0,0.0,0.0,0.0,0.0,0.0,0.0,0.0,0.0,0.0,0.0006748697029850269,0.1296436928966367,0.0,0.0,0.0,0.0,0.05160411820081568,0.0,0.0,0.0,0.017746466907316696,0.0,0.0,0.0,0.0,0.0,0.02253480723803701,0.0,0.0,0.0,0.0,0.0,0.0,0.009809524460930542,0.0
7,relevance_impurity_centrality,0,0.0,0.09474820520041718,0.0009823747928744443,0.0,0.0,0.08617397347186344,0.0,0.43834500590224973,0.061136878670612585,0.0,0.0,0.0,0.0,0.0,0.0,0.0,0.0,0.0,0.0,0.01339081629455835,0.07951073434741836,0.0,0.0,0.0,0.0,0.15438762667164393,0.0,0.0,0.0,0.012003426812417731,0.0,0.0,0.0,0.0,0.0,0.04035787553304213,0.0,0.0,0.0,0.0,0.0,0.0,0.018963082302902088,0.0
8,support_relevance_centrality,0,0.0,0.03583062511035704,0.015789014750119575,0.0,0.0,0.14212313429195628,0.0,0.7578369803622689,3.476461210312662e-08,0.0,0.0,0.0,0.0,0.0,0.0,0.0,0.0,0.0,0.0,0.01157936257327579,1.0168100371340186e-05,0.0,0.0,0.0,0.0,0.013137071563220588,0.0,0.0,0.0,0.023157817082655238,0.0,0.0,0.0,0.0,0.0,0.0004351667463989541,0.0,0.0,0.0,0.0,0.0,0.0,0.00010062465476423036,0.0
9,confidence_relevance_centrality,0,0.0,0.029067013669023433,0.008891062322405824,0.0,0.0,0.07397112382179913,0.0,0.7999413603709177,3.631018412983609e-06,0.0,0.0,0.0,0.0,0.0,0.0,0.0,0.0,0.0,0.0,0.011858283234597962,0.00017722305032921067,0.0,0.0,0.0,0.0,0.046601909279995704,0.0,0.0,0.0,0.02344193587406905,0.0,0.0,0.0,0.0,0.0,0.005552886184434622,0.0,0.0,0.0,0.0,0.0,0.0,0.000493571174014418,0.0
10,lift_relevance_centrality,0,0.0,0.01846332430006634,0.005805587218069803,0.0,0.0,0.04556152195330846,0.0,0.8475627342413621,2.364233821763405e-06,0.0,0.0,0.0,0.0,0.0,0.0,0.0,0.0,0.0,0.0,0.01284971271995931,0.0001388940555221736,0.0,0.0,0.0,0.0,0.04031831112938279,0.0,0.0,0.0,0.02553080022124247,0.0,0.0,0.0,0.0,0.0,0.0034122043149754267,0.0,0.0,0.0,0.0,0.0,0.0,0.0003545456122893352,0.0
11,equal_relevance_centrality,0,0.0,0.03455033622057758,0.008366169513316422,0.0,0.0,0.06962196499649,0.0,0.7876147077656005,3.4166575879736002e-06,0.0,0.0,0.0,0.0,0.0,0.0,0.0,0.0,0.0,0.0,0.011261434532353927,0.0002156217097860979,0.0,0.0,0.0,0.0,0.060376794505813555,0.0,0.0,0.0,0.022264451563797926,0.0,0.0,0.0,0.0,0.0,0.005225065962034814,0.0,0.0,0.0,0.0,0.0,0.0,0.0005000365726411614,0.0
12,relevance_relevance_centrality,0,0.0,0.02225410077343102,0.009893941369561095,0.0,0.0,0.08904525099128247,0.0,0.8304165092931248,2.365653660946608e-08,0.0,0.0,0.0,0.0,0.0,0.0,0.0,0.0,0.0,0.0,0.01282972788192689,7.131579863455802e-06,0.0,0.0,0.0,0.0,0.0095592567489867,0.0,0.0,0.0,0.025658888707072534,0.0,0.0,0.0,0.0,0.0,0.00027264617935448827,0.0,0.0,0.0,0.0,0.0,0.0,6.252281885990804e-05,0.0
13,perm,1,0.0,0.21387283236994228,0.4084778420038536,0.0,0.0,0.3815028901734104,0.0,0.0,0.0,0.0,0.0,0.0,0.0,0.0,0.0,-0.007707129094412262,0.0,0.0,0.0,0.0,0.0,0.0,0.0,0.0,0.0,-0.007707129094412283,0.0,0.0,0.0,0.0,0.0,0.0,0.0,0.011560693641618538,0.0,0.0,0.0,0.0,0.0,0.0,0.0,0.0,0.0,0.0
14,gini,1,0.0,0.7392633287653834,0.0029539317736282833,0.0,0.0,0.11704567026204987,0.011175085328153467,0.0,0.0,0.0,0.0,0.0,0.0,0.0,0.0,0.011951893696617144,0.0,0.0,0.005276263740654771,0.005659485273485405,0.023749361368089004,0.0,0.0,0.0,0.0,0.06463699202563643,0.0,0.0,0.0,0.0,0.0,0.0,0.0,0.012412148600573212,0.0,0.0058758391657291785,0.0,0.0,0.0,0.0,0.0,0.0,0.0,0.0
15,shap,1,0.0,0.32644425353254436,0.11406839777363272,0.0,0.0,0.33008036127186086,0.0037495078097485703,0.0,0.0,0.0,0.0,0.0,0.0,0.0,0.0,0.05178935556767424,0.0,0.0,0.019103615152977448,0.0,0.046577069213485506,0.0,0.0,0.0,0.0,0.04055723170374768,0.0,0.0,0.0,0.0,0.0,0.0,0.0,0.03532472874640579,0.0,0.032305479227922616,0.0,0.0,0.0,0.0,0.0,0.0,0.0,0.0
16,support_impurity_centrality,1,0.0,0.1872438188751654,0.000341497682900569,0.0,0.0,0.29863037685658855,0.015372159355332897,0.0,0.0,0.0,0.0,0.0,0.0,0.0,0.0,0.04085609463975971,0.0,0.0,0.0323057029584074,0.007680928390754366,0.06934090475137845,0.0,0.0,0.0,0.0,0.28458378904629755,0.0,0.0,0.0,0.0,0.0,0.0,0.0,0.02457030058780508,0.0,0.03907442685561003,0.0,0.0,0.0,0.0,0.0,0.0,0.0,0.0
17,confidence_impurity_centrality,1,0.0,0.13364982420435154,4.0263101793990125e-05,0.0,0.0,0.09935371416853192,0.00373897652047278,0.0,0.0,0.0,0.0,0.0,0.0,0.0,0.0,0.014945702213462121,0.0,0.0,0.15972354221616106,0.0009524668322775824,0.2209734291765634,0.0,0.0,0.0,0.0,0.15012197948222902,0.0,0.0,0.0,0.0,0.0,0.0,0.0,0.017191334257986673,0.0,0.19930876782617002,0.0,0.0,0.0,0.0,0.0,0.0,0.0,0.0
18,lift_impurity_centrality,1,0.0,0.13743184509507475,3.4874875172718257e-05,0.0,0.0,0.07115211046952409,0.0032654941316228514,0.0,0.0,0.0,0.0,0.0,0.0,0.0,0.0,0.010461183368087377,0.0,0.0,0.16589348598049353,0.0010519332570401595,0.24548233012771117,0.0,0.0,0.0,0.0,0.14506998874293967,0.0,0.0,0.0,0.0,0.0,0.0,0.0,0.014332448068407222,0.0,0.20582430588392647,0.0,0.0,0.0,0.0,0.0,0.0,0.0,0.0
19,equal_impurity_centrality,1,0.0,0.12922579442968835,5.473760869673626e-05,0.0,0.0,0.11503923563077945,0.003522509542342342,0.0,0.0,0.0,0.0,0.0,0.0,0.0,0.0,0.018544382096264238,0.0,0.0,0.1621466683549444,0.0009063886647427593,0.20772923472581956,0.0,0.0,0.0,0.0,0.1565668816099983,0.0,0.0,0.0,0.0,0.0,0.0,0.0,0.017678288180153663,0.0,0.1885858791565702,0.0,0.0,0.0,0.0,0.0,0.0,0.0,0.0
20,relevance_impurity_centrality,1,0.0,0.2164330177048651,0.00025173174848222964,0.0,0.0,0.26336714583740756,0.019788251736384443,0.0,0.0,0.0,0.0,0.0,0.0,0.0,0.0,0.027972853736102293,0.0,0.0,0.04027329395647814,0.009926743970855072,0.07705309132640596,0.0,0.0,0.0,0.0,0.2777377388245331,0.0,0.0,0.0,0.0,0.0,0.0,0.0,0.017976320010482282,0.0,0.04921981114800383,0.0,0.0,0.0,0.0,0.0,0.0,0.0,0.0
21,support_relevance_centrality,1,0.0,0.015889847134433588,0.011974997091380574,0.0,0.0,0.9036823307250135,0.024378818614396773,0.0,0.0,0.0,0.0,0.0,0.0,0.0,0.0,0.002100591936287076,0.0,0.0,9.187002812916355e-08,0.012186928064883853,0.012862405097658576,0.0,0.0,0.0,0.0,0.01647526963924773,0.0,0.0,0.0,0.0,0.0,0.0,0.0,0.00044856417922478593,0.0,1.556474453970655e-07,0.0,0.0,0.0,0.0,0.0,0.0,0.0,0.0
22,confidence_relevance_centrality,1,0.0,0.048697155185702265,0.006176388120945957,0.0,0.0,0.8491367265994078,0.02237857211271794,0.0,0.0,0.0,0.0,0.0,0.0,0.0,0.0,0.00537528945046518,0.0,0.0,4.225252329668566e-06,0.011017260306037842,0.008858756017536912,0.0,0.0,0.0,0.0,0.04661184203858149,0.0,0.0,0.0,0.0,0.0,0.0,0.0,0.00172977072533522,0.0,1.4014190939788464e-05,0.0,0.0,0.0,0.0,0.0,0.0,0.0,0.0
23,lift_relevance_centrality,1,0.0,0.033243156900164834,0.004119827724181557,0.0,0.0,0.8794080502818249,0.025171852138920304,0.0,0.0,0.0,0.0,0.0,0.0,0.0,0.0,0.0035514359917411713,0.0,0.0,3.772019646897595e-06,0.012475434017652354,0.005692228834744013,0.0,0.0,0.0,0.0,0.03509370886834289,0.0,0.0,0.0,0.0,0.0,0.0,0.0,0.001231002656216719,0.0,9.530566564354314e-06,0.0,0.0,0.0,0.0,0.0,0.0,0.0,0.0
24,equal_relevance_centrality,1,0.0,0.05493994693746066,0.00593640894620117,0.0,0.0,0.8355788729580755,0.02092725076655018,0.0,0.0,0.0,0.0,0.0,0.0,0.0,0.0,0.006709368345736466,0.0,0.0,4.830220728258755e-06,0.010306104740543616,0.008576388815178885,0.0,0.0,0.0,0.0,0.05519258081448694,0.0,0.0,0.0,0.0,0.0,0.0,0.0,0.0018154149283366242,0.0,1.283252670165461e-05,0.0,0.0,0.0,0.0,0.0,0.0,0.0,0.0
25,relevance_relevance_centrality,1,0.0,0.009801410733887983,0.007501078769550183,0.0,0.0,0.9223780210687699,0.026850622437987037,0.0,0.0,0.0,0.0,0.0,0.0,0.0,0.0,0.0012202936310321982,0.0,0.0,8.732143859391794e-08,0.013423757284474544,0.008039337965452366,0.0,0.0,0.0,0.0,0.010510728305412213,0.0,0.0,0.0,0.0,0.0,0.0,0.0,0.0002745500804224527,0.0,1.12401572553197e-07,0.0,0.0,0.0,0.0,0.0,0.0,0.0,0.0
26,perm,2,0.0,0.25155925155925146,0.0,0.0,0.0,0.3201663201663201,0.03534303534303542,0.22661122661122654,0.0,0.0,0.0,0.04365904365904368,0.0,0.0,0.0,0.0,0.0,0.0,0.0,0.0,0.04158004158004161,0.0,0.0,0.0,0.0,0.058212058212058215,0.0,0.0,0.0,0.0,0.0,0.0,0.0,0.0,0.0,0.022869022869022933,0.0,0.0,0.0,0.0,0.0,0.0,0.0,0.0
27,gini,2,0.0,0.6642739241864101,0.0,0.0,0.0,0.06664423096513708,0.012262395608395574,0.1158487972591697,0.0,0.0,0.0,0.006335358699709329,0.0,0.0,0.0,0.0,0.0,0.0,0.0,0.010649684876611245,0.028785626888864237,0.0,0.0,0.0,0.0,0.05729104499595353,0.0,0.0,0.0,0.0,0.0,0.0,0.0,0.0,0.0,0.034909222595804444,0.0,0.0,0.0,0.0,0.0,0.0,0.002999713923944867,0.0
28,shap,2,0.0,0.2935499003746398,0.0,0.0,0.0,0.14715196298939254,0.02508148388065044,0.21191879984379866,0.0,0.0,0.0,0.055681197540023666,0.0,0.0,0.0,0.0,0.0,0.0,0.0,0.00952268365917284,0.08920010688066049,0.0,0.0,0.0,0.0,0.06676046016288992,0.0,0.0,0.0,0.0,0.0,0.0,0.0,0.0,0.0,0.09827602035328681,0.0,0.0,0.0,0.0,0.0,0.0,0.0028573843154850354,0.0
29,support_impurity_centrality,2,0.0,0.1669077859771818,0.0,0.0,0.0,0.02901586872763025,0.0012162794577008247,0.33839845018230696,0.0,0.0,0.0,0.015775662713653698,0.0,0.0,0.0,0.0,0.0,0.0,0.0,0.0029676639272192135,0.05723651612852189,0.0,0.0,0.0,0.0,0.18712685524314285,0.0,0.0,0.0,0.0,0.0,0.0,0.0,0.0,0.0,0.1674713157293669,0.0,0.0,0.0,0.0,0.0,0.0,0.03388360191327559,0.0
30,confidence_impurity_centrality,2,0.0,0.08543781587066063,0.0,0.0,0.0,0.08894049536892606,0.003258657382250108,0.1345366749973628,0.0,0.0,0.0,0.012426695504098894,0.0,0.0,0.0,0.0,0.0,0.0,0.0,0.0007344946963103763,0.03802168725934026,0.0,0.0,0.0,0.0,0.05012608817360568,0.0,0.0,0.0,0.0,0.0,0.0,0.0,0.0,0.0,0.0991865454322745,0.0,0.0,0.0,0.0,0.0,0.0,0.4873308453151707,0.0
31,lift_impurity_centrality,2,0.0,0.07477437177846134,0.0,0.0,0.0,0.11919851012748747,0.004464642620086173,0.11094577021767618,0.0,0.0,0.0,0.01132921981597618,0.0,0.0,0.0,0.0,0.0,0.0,0.0,0.001011391669080743,0.04588815400569857,0.0,0.0,0.0,0.0,0.054633866340830284,0.0,0.0,0.0,0.0,0.0,0.0,0.0,0.0,0.0,0.10291086061442012,0.0,0.0,0.0,0.0,0.0,0.0,0.47484321281028286,0.0
32,equal_impurity_centrality,2,0.0,0.09523750770139822,0.0,0.0,0.0,0.08838635232593581,0.0028873152467518643,0.1393858260708129,0.0,0.0,0.0,0.013511944853825711,0.0,0.0,0.0,0.0,0.0,0.0,0.0,0.000722668461443983,0.04500904186747771,0.0,0.0,0.0,0.0,0.062056308783543304,0.0,0.0,0.0,0.0,0.0,0.0,0.0,0.0,0.0,0.12100625005127441,0.0,0.0,0.0,0.0,0.0,0.0,0.431796784637536,0.0
33,relevance_impurity_centrality,2,0.0,0.14207659272307663,0.0,0.0,0.0,0.038169099858200405,0.0011665663834503706,0.33062910405024953,0.0,0.0,0.0,0.013659202908711178,0.0,0.0,0.0,0.0,0.0,0.0,0.0,0.004457318509292203,0.07587994919360766,0.0,0.0,0.0,0.0,0.18980759259494234,0.0,0.0,0.0,0.0,0.0,0.0,0.0,0.0,0.0,0.16304956572910198,0.0,0.0,0.0,0.0,0.0,0.0,0.04110500804936768,0.0
34,support_relevance_centrality,2,0.0,0.09816864942284974,0.0,0.0,0.0,0.5740767900613312,0.041008695477329,0.24382128119749863,0.0,0.0,0.0,8.145734211777347e-05,0.0,0.0,0.0,0.0,0.0,0.0,0.0,0.02240919794709864,0.00041087783566150644,0.0,0.0,0.0,0.0,0.017984466119891594,0.0,0.0,0.0,0.0,0.0,0.0,0.0,0.0,0.0,0.0020385725401044314,0.0,0.0,0.0,0.0,0.0,0.0,1.2056117570676553e-08,0.0
35,confidence_relevance_centrality,2,0.0,0.13969056855748194,0.0,0.0,0.0,0.27854649810906384,0.02078225183990914,0.44491394705605414,0.0,0.0,0.0,0.0006679914171746515,0.0,0.0,0.0,0.0,0.0,0.0,0.0,0.03773200859318418,0.002514612833467638,0.0,0.0,0.0,0.0,0.056148139726188866,0.0,0.0,0.0,0.0,0.0,0.0,0.0,0.0,0.0,0.019001505297371137,0.0,0.0,0.0,0.0,0.0,0.0,2.476570104491374e-06,0.0
36,lift_relevance_centrality,2,0.0,0.10511019900460605,0.0,0.0,0.0,0.2083267060738018,0.016058627336022865,0.5476452341822697,0.0,0.0,0.0,0.0005144216847301214,0.0,0.0,0.0,0.0,0.0,0.0,0.0,0.05003937166766113,0.002902160167569571,0.0,0.0,0.0,0.0,0.05495790055595752,0.0,0.0,0.0,0.0,0.0,0.0,0.0,0.0,0.0,0.014442102480996427,0.0,0.0,0.0,0.0,0.0,0.0,3.276846384794129e-06,0.0
37,equal_relevance_centrality,2,0.0,0.1391597867055086,0.0,0.0,0.0,0.2568243705815185,0.019138634013014487,0.4509895590481924,0.0,0.0,0.0,0.000639519039751887,0.0,0.0,0.0,0.0,0.0,0.0,0.0,0.03474787566831963,0.0028437169786212886,0.0,0.0,0.0,0.0,0.0779013877020359,0.0,0.0,0.0,0.0,0.0,0.0,0.0,0.0,0.0,0.017752869558847858,0.0,0.0,0.0,0.0,0.0,0.0,2.280704189447484e-06,0.0
38,relevance_relevance_centrality,2,0.0,0.08226842016092922,0.0,0.0,0.0,0.48359057412834777,0.034547486339391295,0.3471339721322597,0.0,0.0,0.0,6.878477861188564e-05,0.0,0.0,0.0,0.0,0.0,0.0,0.0,0.03350494354405486,0.0005439362449051441,0.0,0.0,0.0,0.0,0.01660420146272208,0.0,0.0,0.0,0.0,0.0,0.0,0.0,0.0,0.0,0.001737663224477641,0.0,0.0,0.0,0.0,0.0,0.0,1.7984300389995056e-08,0.0
39,perm,3,0.2927241962774959,0.10152284263959394,0.0,0.0,0.24873096446700516,0.2436548223350255,-0.010152284263959435,0.0033840947546531024,-0.03553299492385795,0.0,0.0,0.006768189509306241,0.0,-0.028764805414551706,-0.0033840947546531566,0.0,0.0,0.0,0.0,0.0,0.22673434856175986,0.0,0.0,0.0,0.0,-0.008460236886632855,0.0,0.0,0.0033840947546531206,-0.006768189509306313,0.0,0.0,-0.015228426395939207,0.0,0.0,0.0,-0.018612521150592327,0.0,0.0,0.0,0.0,0.0,0.0,0.0
40,gini,3,0.01381424228469074,0.6761292351424202,0.0,0.0,0.005106220430751489,0.09101708379537143,0.024473009298170985,0.01270153528888349,0.0036424997593713622,0.002007091704143404,0.0,0.008495626260924464,0.0,0.026047590115994397,0.004633790096532873,0.0,0.0,0.0,0.0,0.007739433287558156,0.04186051120163063,0.0,0.0,0.0,0.0,0.060461503926410226,0.0,0.0,0.004587638180899211,0.0026761222721912057,0.0,0.0,0.003568163029588274,0.0,0.0,0.0,0.008563591271011858,0.002475112653455667,0.0,0.0,0.0,0.0,0.0,0.0
41,shap,3,0.10211944113585572,0.12235598206465544,0.0,0.0,0.14823367729149964,0.10385280053538977,0.03485947444427942,0.061156537580944116,0.06310604591912787,0.003957061519293382,0.0,0.029397837631386443,0.0,0.02990236993180931,0.012061929479536831,0.0,0.0,0.0,0.0,0.018271125733776747,0.1605946143913205,0.0,0.0,0.0,0.0,0.05232807263634063,0.0,0.0,0.016835176939444932,0.003575992425106652,0.0,0.0,0.008898341123976417,0.0,0.0,0.0,0.006375714466849539,0.022117804749406982,0.0,0.0,0.0,0.0,0.0,0.0
42,support_impurity_centrality,3,0.07360567674834048,0.1343492035954491,0.0,0.0,0.0021810578224276283,0.13386251574319255,0.09867779198503546,0.07033432826963161,0.009445084799708112,0.01072948284997165,0.0,0.09292490262466342,0.0,0.06840091607557593,0.015111210928093716,0.0,0.0,0.0,0.0,0.010683203178336684,0.07486734714538879,0.0,0.0,0.0,0.0,0.12694223762117587,0.0,0.0,0.01796198161823834,0.015489057343582047,0.0,0.0,0.017502703206299923,0.0,0.0,0.0,0.025887835843205025,0.0010434626016836402,0.0,0.0,0.0,0.0,0.0,0.0
43,confidence_impurity_centrality,3,0.06959934657058124,0.13781821559516796,0.0,0.0,6.884454800941624e-05,0.10833508489938344,0.027209032582465598,0.06409120702059845,0.011667767479586843,0.048912742460521755,0.0,0.08651819585773864,0.0,0.027977557667510256,0.010314017787108236,0.0,0.0,0.0,0.0,0.04713665797770999,0.04889016852332833,0.0,0.0,0.0,0.0,0.08589141112412606,0.0,0.0,0.04009322095983306,0.09087914945167481,0.0,0.0,0.06314559342625911,0.0,0.0,0.0,0.03142309966016616,2.8686408230588686e-05,0.0,0.0,0.0,0.0,0.0,0.0
44,lift_impurity_centrality,3,0.08099611505133095,0.14313893679100836,0.0,0.0,7.873414830553662e-05,0.09955051414404693,0.030367874980329033,0.06733386442689578,0.009134721804181664,0.05787152767998232,0.0,0.09221563297071167,0.0,0.028539671838135237,0.011471271486443153,0.0,0.0,0.0,0.0,0.03918415134301483,0.05696061815342762,0.0,0.0,0.0,0.0,0.06909764193183615,0.0,0.0,0.041103893006835146,0.0825419072727068,0.0,0.0,0.06170000736654627,0.0,0.0,0.0,0.028677767596157006,3.514800810526919e-05,0.0,0.0,0.0,0.0,0.0,0.0
45,equal_impurity_centrality,3,0.06828479610819574,0.13861126170213836,0.0,0.0,6.853978675521968e-05,0.10988640163170282,0.030819666381963835,0.06305220171130727,0.0114473937276617,0.047988908094450285,0.0,0.08488409237870365,0.0,0.03084908114725844,0.010313282779746417,0.0,0.0,0.0,0.0,0.046247297474999144,0.048019063359628515,0.0,0.0,0.0,0.0,0.08469184944675254,0.0,0.0,0.03933596439424412,0.08916267891251899,0.0,0.0,0.06195293755912512,0.0,0.0,0.0,0.03435521943192241,2.936397092550364e-05,0.0,0.0,0.0,0.0,0.0,0.0
46,relevance_impurity_centrality,3,0.07655083245785119,0.13978782140806473,0.0,0.0,0.002569525284152047,0.10882517073102373,0.10359180053985946,0.07482985138241302,0.006509604255080889,0.010936669414671356,0.0,0.10130137483281433,0.0,0.07448408737678994,0.01137249059619211,0.0,0.0,0.0,0.0,0.010452671553091613,0.08615322284339118,0.0,0.0,0.0,0.0,0.12022551177303585,0.0,0.0,0.014177192193049875,0.014588945607662083,0.0,0.0,0.01876395753761737,0.0,0.0,0.0,0.023649546594635043,0.0012297236186041805,0.0,0.0,0.0,0.0,0.0,0.0
47,support_relevance_centrality,3,0.05093111908133579,0.001716324906449323,0.0,0.0,0.017517404394976597,0.7041590707672513,0.03651549377186976,7.918632152186349e-05,2.0019035036049433e-06,1.842870719685333e-06,0.0,2.012469405400885e-05,0.0,0.00026228714967314605,0.00014523186838304687,0.0,0.0,0.0,0.0,0.017517164408620858,0.15129644945843299,0.0,0.0,0.0,0.0,0.0023205013773705406,0.0,0.0,5.797044904583678e-07,1.4393747716752716e-09,0.0,0.0,1.589181607168505e-08,0.0,0.0,0.0,1.1331529511101343e-06,0.017514066837205168,0.0,0.0,0.0,0.0,0.0,0.0
48,confidence_relevance_centrality,3,0.04157398234358187,0.027245988364725235,0.0,0.0,0.021780468351612722,0.6774002458871733,0.05758640354647378,0.0008471391430904476,0.00013037414261665869,8.60713154995072e-05,0.0,0.0008240293811442581,0.0,0.004822884163334608,0.0011747387109818758,0.0,0.0,0.0,0.0,0.02171361569673952,0.10308180031273415,0.0,0.0,0.0,0.0,0.020786963438203906,0.0,0.0,2.8679745078373325e-05,4.010031211504627e-07,0.0,0.0,2.5022596775128106e-06,0.0,0.0,0.0,6.313393475492688e-05,0.02085057825945623,0.0,0.0,0.0,0.0,0.0,0.0
49,lift_relevance_centrality,3,0.03139460342523578,0.023115409668677873,0.0,0.0,0.0261214587076752,0.7000284064314056,0.06303488225144345,0.0007343455915160528,0.00011373011765331539,5.9588098006714526e-05,0.0,0.0009217282751729775,0.0,0.0049100885088100964,0.0008376015212522712,0.0,0.0,0.0,0.0,0.026079282869775774,0.07300914765388268,0.0,0.0,0.0,0.0,0.024064080152744905,0.0,0.0,2.0876629950087592e-05,4.387117805154035e-07,0.0,0.0,2.7498855736113755e-06,0.0,0.0,0.0,7.030865896011024e-05,0.025481272840482926,0.0,0.0,0.0,0.0,0.0,0.0
50,equal_relevance_centrality,3,0.04103501667375896,0.028237002581691664,0.0,0.0,0.02185602154948433,0.6761806465766347,0.058850745739879556,0.0008864437812735636,0.00012868397046710944,8.495548580036142e-05,0.0,0.0008133466530935321,0.0,0.005361281517240454,0.001260083314394983,0.0,0.0,0.0,0.0,0.021790035617832042,0.10175289385422635,0.0,0.0,0.0,0.0,0.020718627930108906,0.0,0.0,2.8307940474985312e-05,3.9580451126012825e-07,0.0,0.0,2.469820349184435e-06,0.0,0.0,0.0,7.47278957043369e-05,0.020938313293073683,0.0,0.0,0.0,0.0,0.0,0.0
51,relevance_relevance_centrality,3,0.03814442028003132,0.001622063085429054,0.0,0.0,0.02309179418030735,0.7268858739713758,0.04736943619004551,6.262915635540173e-05,1.5912475387109636e-06,1.3800594495571602e-06,0.0,2.473232936260898e-05,0.0,0.0003186397428019127,0.00010783791116747297,0.0,0.0,0.0,0.0,0.023091629653953928,0.11327904772396308,0.0,0.0,0.0,0.0,0.0029077980206979725,0.0,0.0,4.3812730347585467e-07,1.7113515020529987e-09,0.0,0.0,1.990178473762802e-08,0.0,0.0,0.0,1.3690689082331094e-06,0.023089297638172305,0.0,0.0,0.0,0.0,0.0,0.0
52,perm,4,0.0,0.06432748538011701,0.29434697855750475,0.0,0.0,0.2222222222222222,0.0,0.0,0.0,0.0,0.0,0.0,0.0,0.0,0.0,0.0,0.0,0.0,0.0,0.0,0.3333333333333332,0.0,0.0,0.013645224171540071,0.003898635477582872,0.05847953216374269,0.0,0.0,0.0,0.0,0.0,0.0,0.009746588693957201,0.0,0.0,0.0,0.0,0.0,0.0,0.0,0.0,0.0,0.0,0.0
53,gini,4,0.0,0.7532919016944207,0.012254496725118082,0.0,0.0,0.10657101634527161,0.018479888328564443,0.0,0.0,0.0,0.0,0.0,0.0,0.0,0.0,0.0,0.0,0.0,0.0,0.0055587640563405875,0.025570502491107327,0.0,0.0,0.007701961732046223,0.005134641154697483,0.057926336124480615,0.0,0.0,0.0,0.0,0.0,0.0,0.007510491347953024,0.0,0.0,0.0,0.0,0.0,0.0,0.0,0.0,0.0,0.0,0.0
54,shap,4,0.0,0.0959499215499319,0.19134350505076494,0.0,0.0,0.2661779295309052,0.004068491941724842,0.0,0.0,0.0,0.0,0.0,0.0,0.0,0.0,0.0,0.0,0.0,0.0,0.0,0.29959058502002067,0.0,0.0,0.02788282842167204,0.04433513168131065,0.06720893523553481,0.0,0.0,0.0,0.0,0.0,0.0,0.003442671568134898,0.0,0.0,0.0,0.0,0.0,0.0,0.0,0.0,0.0,0.0,0.0
55,support_impurity_centrality,4,0.0,0.07778440442269631,0.0075508648093208655,0.0,0.0,0.20008676678904502,0.051663026516569566,0.0,0.0,0.0,0.0,0.0,0.0,0.0,0.0,0.0,0.0,0.0,0.0,0.010595420278645535,0.07741382815858407,0.0,0.0,0.11789981992237988,0.11044940097738495,0.3426605514934597,0.0,0.0,0.0,0.0,0.0,0.0,0.0038959166319141154,0.0,0.0,0.0,0.0,0.0,0.0,0.0,0.0,0.0,0.0,0.0
56,confidence_impurity_centrality,4,0.0,0.11071929462729621,0.0017433739172668882,0.0,0.0,0.037632790546432586,0.05297564131681032,0.0,0.0,0.0,0.0,0.0,0.0,0.0,0.0,0.0,0.0,0.0,0.0,0.0004573187792727578,0.059034444255317634,0.0,0.0,0.3183996524153205,0.26370472962164143,0.15524640970451822,0.0,0.0,0.0,0.0,0.0,0.0,8.634481612330817e-05,0.0,0.0,0.0,0.0,0.0,0.0,0.0,0.0,0.0,0.0,0.0
57,lift_impurity_centrality,4,0.0,0.09942136888868132,0.0026213915516046763,0.0,0.0,0.036108489406749114,0.06382588459949015,0.0,0.0,0.0,0.0,0.0,0.0,0.0,0.0,0.0,0.0,0.0,0.0,0.0006902595149528521,0.08786071908231718,0.0,0.0,0.32583952961558216,0.23682718843399062,0.14672372006746717,0.0,0.0,0.0,0.0,0.0,0.0,8.144883916481873e-05,0.0,0.0,0.0,0.0,0.0,0.0,0.0,0.0,0.0,0.0,0.0
58,equal_impurity_centrality,4,0.0,0.1093578825121644,0.002331989865846741,0.0,0.0,0.04052641141804362,0.061927321578821984,0.0,0.0,0.0,0.0,0.0,0.0,0.0,0.0,0.0,0.0,0.0,0.0,0.0004532733750228433,0.0625599489964282,0.0,0.0,0.3105731879898726,0.2572227009210761,0.15495833960471994,0.0,0.0,0.0,0.0,0.0,0.0,8.894373800346301e-05,0.0,0.0,0.0,0.0,0.0,0.0,0.0,0.0,0.0,0.0,0.0
59,relevance_impurity_centrality,4,0.0,0.06800312087071672,0.006538634941393595,0.0,0.0,0.22677476422730738,0.06462237488018795,0.0,0.0,0.0,0.0,0.0,0.0,0.0,0.0,0.0,0.0,0.0,0.0,0.014528080700372524,0.1008337453422291,0.0,0.0,0.10559836911590231,0.0894734208568385,0.320623036559225,0.0,0.0,0.0,0.0,0.0,0.0,0.0030044525058269046,0.0,0.0,0.0,0.0,0.0,0.0,0.0,0.0,0.0,0.0,0.0
60,support_relevance_centrality,4,0.0,0.16409251961211277,0.1166684776228485,0.0,0.0,0.5261407224664726,0.017414091139565657,0.0,0.0,0.0,0.0,0.0,0.0,0.0,0.0,0.0,0.0,0.0,0.0,0.008703752693902122,0.11643686417884705,0.0,0.0,5.301513256908533e-08,6.404322144284131e-07,0.003990815953176715,0.0,0.0,0.0,0.0,0.0,0.0,0.04655206288572757,0.0,0.0,0.0,0.0,0.0,0.0,0.0,0.0,0.0,0.0,0.0
61,confidence_relevance_centrality,4,0.0,0.09761071385480305,0.078521866686297,0.0,0.0,0.6740566299948789,0.020614896297560407,0.0,0.0,0.0,0.0,0.0,0.0,0.0,0.0,0.0,0.0,0.0,0.0,0.010085106504168755,0.07163898693002195,0.0,0.0,4.474839668056356e-06,5.609531166195532e-05,0.01937713280966997,0.0,0.0,0.0,0.0,0.0,0.0,0.028034096771269886,0.0,0.0,0.0,0.0,0.0,0.0,0.0,0.0,0.0,0.0,0.0
62,lift_relevance_centrality,4,0.0,0.06610646026261485,0.059498729536354496,0.0,0.0,0.7512889705843668,0.024214412108839577,0.0,0.0,0.0,0.0,0.0,0.0,0.0,0.0,0.0,0.0,0.0,0.0,0.011929415744672595,0.051289440412630595,0.0,0.0,3.950117558702802e-06,6.47604673775709e-05,0.01582431485161945,0.0,0.0,0.0,0.0,0.0,0.0,0.01977954591396529,0.0,0.0,0.0,0.0,0.0,0.0,0.0,0.0,0.0,0.0,0.0
63,equal_relevance_centrality,4,0.0,0.09376987410353495,0.07786677453269016,0.0,0.0,0.6803329928675864,0.01943070288567344,0.0,0.0,0.0,0.0,0.0,0.0,0.0,0.0,0.0,0.0,0.0,0.0,0.009489322119958229,0.06667548665097751,0.0,0.0,4.1402724073707314e-06,5.1901272064510145e-05,0.02543227912350291,0.0,0.0,0.0,0.0,0.0,0.0,0.02694652617160445,0.0,0.0,0.0,0.0,0.0,0.0,0.0,0.0,0.0,0.0,0.0
64,relevance_relevance_centrality,4,0.0,0.11612329295166054,0.08277503302926352,0.0,0.0,0.6497123056051558,0.021929586738099294,0.0,0.0,0.0,0.0,0.0,0.0,0.0,0.0,0.0,0.0,0.0,0.0,0.010961655247489358,0.08248269731901922,0.0,0.0,4.538628069918817e-08,7.796765320314762e-07,0.0030503144950511855,0.0,0.0,0.0,0.0,0.0,0.0,0.032964289551448374,0.0,0.0,0.0,0.0,0.0,0.0,0.0,0.0,0.0,0.0,0.0
65,perm,5,2.804773956947761e-17,0.0,0.10263157894736841,0.0,0.05789473684210529,0.1368421052631578,0.0,0.0,0.0,0.0,0.0,0.0026315789473684644,0.0,0.0,0.0,0.16578947368421043,-0.0026315789473683525,0.0,0.0,0.0,0.5789473684210521,0.0,0.0,0.0,0.0,0.0,0.0,-0.028947368421052493,-0.010526315789473634,-0.034210526315789365,0.0,0.0,0.005263157894736873,-0.010526315789473606,0.0,0.0,0.0,0.0,0.0,0.0,0.01842105263157903,0.0,0.018421052631579,0.0
66,gini,5,0.008167324496480497,0.0,0.03887627888484302,0.0,0.09622036227730817,0.006001946920044941,0.010113453758426691,0.0,0.0,0.0,0.002673066862268868,0.00803580348657225,0.0,0.0,0.0,0.0426534997759629,0.010915023020931213,0.0,0.003564089149691824,0.005116688067504451,0.6745385680675391,0.0,0.0,0.0,0.0,0.0,0.005184129672279017,0.01823730610288011,0.007529138328723977,0.01281701290369944,0.0,0.0,0.00668266715567217,0.01640361686502479,0.0044551114371147804,0.0,0.0,0.002485582179583864,0.0,0.0,0.014197042211891924,0.0,0.0051322883755562255,0.0
67,shap,5,0.019790981417606636,0.0,0.07018153569830121,0.0,0.05715170559780833,0.0904597317422936,0.0009215448345459307,0.0,0.0,0.0,0.0011045527854151292,0.020924810678129274,0.0,0.0,0.0,0.11612085799139404,0.017082148878131465,0.0,0.0038347191413549576,0.0,0.3647703898977276,0.0,0.0,0.0,0.0,0.0,0.024439430771422608,0.02571892871597001,0.02247284672444819,0.0399631997490034,0.0,0.0,0.018677146982296722,0.022113339251982556,0.006091848694541147,0.0,0.0,0.015220772310672767,0.0,0.0,0.02976529603118176,0.0,0.03319421210577249,0.0
68,support_impurity_centrality,5,0.045652133010619766,0.0,0.05621957692553509,0.0,0.17927006104990864,0.013652694807237803,0.009406734153186332,0.0,0.0,0.0,0.008404210322189161,0.0383657946239739,0.0,0.0,0.0,0.106212037613975,0.041089363830858185,0.0,0.011120368386797997,0.0047390606435582724,0.18883299687866353,0.0,0.0,0.0,0.0,0.0,0.018420563864663425,0.019932832605056322,0.02784146494278502,0.04449488633697057,0.0,0.0,0.02755511772654293,0.06097381400270535,0.017084393229395704,0.0,0.0,0.002275168039060726,0.0,0.0,0.05821028950948877,0.0,0.020246437496827478,0.0
69,confidence_impurity_centrality,5,0.05878863442502192,0.0,0.07843736473774628,0.0,0.0856456401505861,0.028520273281732178,0.00028154106055593977,0.0,0.0,0.0,0.0548979590897548,0.046181835999637245,0.0,0.0,0.0,0.04428602963494919,0.06506274360054952,0.0,0.04478702973350673,0.0001379427487675458,0.12383975561508907,0.0,0.0,0.0,0.0,0.0,0.038682951058484356,0.009454627643524673,0.028850167561092363,0.1011435909781331,0.0,0.0,0.04012719395381105,0.025462397496786398,0.04080277135820114,0.0,0.0,6.470891357269279e-05,0.0,0.0,0.07721036446013183,0.0,0.007334476498365651,0.0
70,lift_impurity_centrality,5,0.07353612405106719,0.0,0.09149914301294464,0.0,0.06939369919358461,0.03590510395464783,0.00035028412244226083,0.0,0.0,0.0,0.04501693866955763,0.055946000065126386,0.0,0.0,0.0,0.03459761708412281,0.06843535898080896,0.0,0.0458441760678121,0.0001736987406546962,0.1096906823988514,0.0,0.0,0.0,0.0,0.0,0.04429004011798125,0.009283318989412622,0.026317772164179166,0.09334951182983575,0.0,0.0,0.045648358382648774,0.021750266287190786,0.04456140868779976,0.0,0.0,8.258212027625056e-05,0.0,0.0,0.07826940204520001,0.0,0.0060585130338551025,0.0
71,equal_impurity_centrality,5,0.058488038529693524,0.0,0.07796834547365437,0.0,0.08557922204061014,0.028259303870920703,0.00028300164364024197,0.0,0.0,0.0,0.05435315083257555,0.04611507438304587,0.0,0.0,0.0,0.0447133619395903,0.06441705985317446,0.0,0.0443425625070757,0.0001387180459010959,0.12585863298283625,0.0,0.0,0.0,0.0,0.0,0.038299060810137106,0.010195242261831362,0.028563858019373507,0.10013984030252863,0.0,0.0,0.04247508646885917,0.025641187738917128,0.040397843978015636,0.0,0.0,6.559176403242931e-05,0.0,0.0,0.07644412752172532,0.0,0.007261689031861409,0.0
72,relevance_impurity_centrality,5,0.0553129614991516,0.0,0.06333689240352387,0.0,0.15204228758431385,0.016828164698450727,0.011951208743517072,0.0,0.0,0.0,0.007683885720045352,0.04402998298447496,0.0,0.0,0.0,0.08725038086624441,0.04741712530386111,0.0,0.012926334012634662,0.006021891722501871,0.2110057450270199,0.0,0.0,0.0,0.0,0.0,0.018046526704271953,0.016239478062081487,0.029928364247222873,0.04473814640890374,0.0,0.0,0.03240331955282008,0.04519009851616333,0.01682691394646957,0.0,0.0,0.002891198093196458,0.0,0.0,0.06321538448631231,0.0,0.014713709416818816,0.0
73,support_relevance_centrality,5,5.6637350217824806e-05,0.0,0.019299082981139647,0.0,0.1767615819117884,0.1535904247726724,0.018597401329889927,0.0,0.0,0.0,2.158844414377592e-10,3.285217481116901e-06,0.0,0.0,0.0,0.055863782811850775,1.3558592150870294e-06,0.0,1.603949399692292e-09,0.009296803586265846,0.55709130222683,0.0,0.0,0.0,0.0,0.0,2.092517722981697e-07,0.00010428132450633001,6.0162448236046695e-06,2.8924282238248544e-07,0.0,0.0,3.4407471243587196e-07,2.0907942968146768e-05,1.1505145563391301e-07,0.0,0.0,0.009296171389727537,0.0,0.0,3.675744596947416e-06,0.0,6.329865429759766e-06,0.0
74,confidence_relevance_centrality,5,0.0006480006963676002,0.0,0.015568140030980691,0.0,0.21583315418543073,0.10826434053775706,0.023285742786760853,0.0,0.0,0.0,6.563392422399194e-08,0.00011003174332815253,0.0,0.0,0.0,0.06922190976209654,5.746407073692744e-05,0.0,3.500476640365886e-07,0.011450647968577317,0.541910382025228,0.0,0.0,0.0,0.0,0.0,9.001225233220647e-06,0.0015186368565949944,0.00022226461924604099,1.7739914554793137e-05,0.0,0.0,2.11083420271145e-05,0.0003759290173674832,7.407258287314368e-06,0.0,0.0,0.01125844719757873,0.0,0.0,0.00011692215824728622,0.0,0.00010231392201090863,0.0
75,lift_relevance_centrality,5,0.0004448998191880222,0.0,0.010969737263778794,0.0,0.25006450058672397,0.07113736086565915,0.026680786668629553,0.0,0.0,0.0,5.2507924846396546e-08,9.93554193963059e-05,0.0,0.0,0.0,0.08016148133441894,5.303736343231777e-05,0.0,2.990786025148024e-07,0.013214491570491656,0.5321341984127458,0.0,0.0,0.0,0.0,0.0,6.606427462241136e-06,0.0011751705984337042,0.00021372388166314505,1.71813003117689e-05,0.0,0.0,2.4057845828274795e-05,0.00031073221743544945,5.20070013024974e-06,0.0,0.0,0.013088614604046023,0.0,0.0,0.00011977027419935475,0.0,7.874125949793776e-05,0.0
76,equal_relevance_centrality,5,0.0006406898246375726,0.0,0.015400814572031882,0.0,0.21693504977578332,0.10704288088340112,0.023383559594767456,0.0,0.0,0.0,6.489342933898681e-08,0.00011347390255913401,0.0,0.0,0.0,0.06955306289941987,5.681574975116635e-05,0.0,3.4609835721406077e-07,0.011501725119057999,0.5414490614542488,0.0,0.0,0.0,0.0,0.0,8.89967163387724e-06,0.001746659998469455,0.0002197569859509844,1.753976933806922e-05,0.0,0.0,2.1183072609055186e-05,0.00037261190825449366,7.323688137601103e-06,0.0,0.0,0.011311717522623985,0.0,0.0,0.00011560301938503569,0.0,0.00010115959615260201,0.0
77,relevance_relevance_centrality,5,4.010572031862399e-05,0.0,0.013572752384933457,0.0,0.2185026817480381,0.10778559118473846,0.022993332792334047,0.0,0.0,0.0,1.8508487081231184e-10,2.780810801632314e-06,0.0,0.0,0.0,0.06905636916659985,1.4985562259477272e-06,0.0,1.6175867784223241e-09,0.011495335133781166,0.5449408635194604,0.0,0.0,0.0,0.0,0.0,1.5185143121238181e-07,8.17258571888366e-05,6.8637167610571435e-06,3.000484298699154e-07,0.0,0.0,4.2173906750919906e-07,1.557732603876513e-05,8.319708939902982e-08,0.0,0.0,0.011494891581282942,0.0,0.0,4.1885688831837315e-06,0.0,4.483293923970271e-06,0.0
78,perm,6,0.0,0.17647058823529413,0.0,0.0,0.21960784313725493,0.36274509803921556,0.04901960784313729,0.0607843137254902,0.0,0.0,0.0,0.0,0.0,0.0,0.0,0.0,0.0,0.0,0.011764705882352998,0.0,0.04901960784313731,0.0,0.0,0.0,0.0,0.07058823529411766,0.0,0.0,0.0,0.0,0.0,0.0,0.0,0.00588235294117651,0.0,-0.0058823529411764055,0.0,0.0,0.0,0.0,0.0,0.0,0.0,0.0
79,gini,6,0.0,0.6333053751197619,0.014261006569822153,0.0,0.013142049041822097,0.20116717214061974,0.012006166243507574,0.009725262661465253,0.0,0.0,0.0,0.0,0.0,0.0,0.0,0.0,0.0,0.0,0.026430770131448383,0.0,0.009447457125478733,0.0,0.0,0.0,0.0,0.051483141639096015,0.0,0.0,0.0,0.0,0.0,0.0,0.0,0.012094744559572192,0.0,0.01399368245412892,0.0,0.0,0.0,0.0,0.0,0.0,0.0029431723132768,0.0
80,shap,6,0.0,0.14399063770031603,0.0708126501031775,0.0,0.11314656245919533,0.21010084291079437,0.031373319057817886,0.10791995023929347,0.0,0.0,0.0,0.0,0.0,0.0,0.0,0.0,0.0,0.0,0.0841381273284858,0.0,0.04797806910867167,0.0,0.0,0.0,0.0,0.07625486837541783,0.0,0.0,0.0,0.0,0.0,0.0,0.0,0.042643654837696505,0.0,0.059896109388071446,0.0,0.0,0.0,0.0,0.0,0.0,0.01174520849106221,0.0
81,support_impurity_centrality,6,0.0,0.19828893536313594,0.048944343734725955,0.0,0.00384307439051521,0.1353990418749594,0.0011322316725852165,0.009483419580031486,0.0,0.0,0.0,0.0,0.0,0.0,0.0,0.0,0.0,0.0,0.03789360156715347,0.0,0.023540219307108912,0.0,0.0,0.0,0.0,0.35742820346512066,0.0,0.0,0.0,0.0,0.0,0.0,0.0,0.049221919203547425,0.0,0.10623342583249958,0.0,0.0,0.0,0.0,0.0,0.0,0.02859158400861671,0.0
82,confidence_impurity_centrality,6,0.0,0.08402361274453944,0.02088388337414579,0.0,0.0005120900952403124,0.07446643280734451,0.0023588620865302003,0.010524855250017144,0.0,0.0,0.0,0.0,0.0,0.0,0.0,0.0,0.0,0.0,0.06290100479759034,0.0,0.012848742099561364,0.0,0.0,0.0,0.0,0.2142117998453185,0.0,0.0,0.0,0.0,0.0,0.0,0.0,0.026413270477126154,0.0,0.1454435835282982,0.0,0.0,0.0,0.0,0.0,0.0,0.345411862894288,0.0
83,lift_impurity_centrality,6,0.0,0.06796303624532782,0.0165443546027158,0.0,0.0005827532421930831,0.086907412229883,0.003285039733291868,0.009509871012432121,0.0,0.0,0.0,0.0,0.0,0.0,0.0,0.0,0.0,0.0,0.06692208333952902,0.0,0.016400226437052284,0.0,0.0,0.0,0.0,0.18019503717802526,0.0,0.0,0.0,0.0,0.0,0.0,0.0,0.02416740034151576,0.0,0.18583149648899128,0.0,0.0,0.0,0.0,0.0,0.0,0.3416912891490426,0.0
84,equal_impurity_centrality,6,0.0,0.08302207714832358,0.02345827790010119,0.0,0.0004937220862742857,0.08533638010168844,0.0022742527563406087,0.010322080157922232,0.0,0.0,0.0,0.0,0.0,0.0,0.0,0.0,0.0,0.0,0.0637303656563462,0.0,0.01238787434937347,0.0,0.0,0.0,0.0,0.21474628533828874,0.0,0.0,0.0,0.0,0.0,0.0,0.0,0.028038380588148216,0.0,0.1431679175107034,0.0,0.0,0.0,0.0,0.0,0.0,0.3330223864064897,0.0
85,relevance_impurity_centrality,6,0.0,0.1782428545070854,0.041127259392215926,0.0,0.006036338753199326,0.11927710830014436,0.001125672259306697,0.013942135955397212,0.0,0.0,0.0,0.0,0.0,0.0,0.0,0.0,0.0,0.0,0.0415684044933896,0.0,0.036911551953868665,0.0,0.0,0.0,0.0,0.3571194879885426,0.0,0.0,0.0,0.0,0.0,0.0,0.0,0.04466278152929755,0.0,0.12388612476947357,0.0,0.0,0.0,0.0,0.0,0.0,0.03610028009807909,0.0
86,support_relevance_centrality,6,0.0,0.060197983592806974,0.00015787824146221933,0.0,0.003685419968520745,0.8526460726443141,0.04275916218221569,2.8480036141775328e-05,0.0,0.0,0.0,0.0,0.0,0.0,0.0,0.0,0.0,0.0,0.025965419116810867,0.0,4.2864871247369966e-05,0.0,0.0,0.0,0.0,0.012546888926250473,0.0,0.0,0.0,0.0,0.0,0.0,0.0,0.0002129464520433588,0.0,0.0017568725578958402,0.0,0.0,0.0,0.0,0.0,0.0,1.141029053264732e-08,0.0
87,confidence_relevance_centrality,6,0.0,0.13141588748386954,0.00236771015692349,0.0,0.005176869949990132,0.7338214025322413,0.025470794172144342,0.0002515476554882224,0.0,0.0,0.0,0.0,0.0,0.0,0.0,0.0,0.0,0.0,0.0358660413100452,0.0,0.0003392792992302082,0.0,0.0,0.0,0.0,0.049890881667146614,0.0,0.0,0.0,0.0,0.0,0.0,0.0,0.0017579112348619108,0.0,0.013638936579554365,0.0,0.0,0.0,0.0,0.0,0.0,2.7379585046942258e-06,0.0
88,lift_relevance_centrality,6,0.0,0.1205645642331384,0.002166407036459076,0.0,0.00819850112050262,0.7167551701410141,0.02399621407751143,0.0003093971910571573,0.0,0.0,0.0,0.0,0.0,0.0,0.0,0.0,0.0,0.0,0.05728674407434228,0.0,0.0005428112267409536,0.0,0.0,0.0,0.0,0.05587327144260027,0.0,0.0,0.0,0.0,0.0,0.0,0.0,0.0016935148280293416,0.0,0.012608990711857216,0.0,0.0,0.0,0.0,0.0,0.0,4.413916747213954e-06,0.0
89,equal_relevance_centrality,6,0.0,0.1227663979663422,0.0019892852675249765,0.0,0.0043494644364702574,0.7458635140967593,0.021399864105260527,0.00022030393819076619,0.0,0.0,0.0,0.0,0.0,0.0,0.0,0.0,0.0,0.0,0.030490749684186823,0.0,0.00028505318083857877,0.0,0.0,0.0,0.0,0.059495170921866736,0.0,0.0,0.0,0.0,0.0,0.0,0.0,0.0015279309065250864,0.0,0.011609965138239444,0.0,0.0,0.0,0.0,0.0,0.0,2.3003577952970442e-06,0.0
90,relevance_relevance_centrality,6,0.0,0.05669717407972393,0.00015003645337562799,0.0,0.006184546161983882,0.8384876642988874,0.04063831194436978,4.6541735358506665e-05,0.0,0.0,0.0,0.0,0.0,0.0,0.0,0.0,0.0,0.0,0.043458892259820935,0.0,7.191695939262118e-05,0.0,0.0,0.0,0.0,0.012391602513090934,0.0,0.0,0.0,0.0,0.0,0.0,0.0,0.0002034693777480451,0.0,0.0016698251106055495,0.0,0.0,0.0,0.0,0.0,0.0,1.9105642730700765e-08,0.0
91,perm,7,0.0,0.13178294573643415,0.0,0.0,0.2816537467700261,0.0,0.09819121447028425,0.0,-0.012919896640827004,0.0,0.0,0.0,0.0,0.0,0.0,0.0,0.0,0.0,0.0,0.0,0.3617571059431527,0.0,0.0,-0.02325581395348856,0.0,0.10594315245478032,0.0,0.0,0.0,0.0,0.0,0.0,0.0,0.0,0.03100775193798444,0.0,0.0,0.0,0.0,0.0,0.0,0.0,0.02583979328165368,0.0
92,gini,7,0.0,0.8460969450478637,0.0,0.0,0.005552948463643362,0.0,0.033677026392658245,0.0,0.017671148265981942,0.0,0.0,0.0,0.0,0.0,0.0,0.0,0.0,0.0,0.0,0.0,0.019139291107408897,0.0,0.0,0.007754520335286129,0.0,0.05335768295544891,0.0,0.0,0.0,0.0,0.0,0.0,0.0,0.0,0.00580287931130477,0.0,0.0,0.0,0.0,0.0,0.0,0.0,0.01094755812040395,0.0
93,shap,7,0.0,0.16971198630086629,0.0,0.0,0.257640698426577,0.0,0.1130187170742315,0.0,0.041437375425159136,0.0,0.0,0.0,0.0,0.0,0.0,0.0,0.0,0.0,0.0,0.0,0.2643338722080284,0.0,0.0,0.03241498621860091,0.0,0.05996298022352161,0.0,0.0,0.0,0.0,0.0,0.0,0.0,0.0,0.03358379524794742,0.0,0.0,0.0,0.0,0.0,0.0,0.0,0.02789558887506788,0.0
94,support_impurity_centrality,7,0.0,0.543440671017659,0.0,0.0,0.011054630443191922,0.0,0.052072256967216374,0.0,0.08587054583736874,0.0,0.0,0.0,0.0,0.0,0.0,0.0,0.0,0.0,0.0,0.0,0.02280520663590893,0.0,0.0,0.07168889568832805,0.0,0.1524239026380152,0.0,0.0,0.0,0.0,0.0,0.0,0.0,0.0,0.0059910535618430925,0.0,0.0,0.0,0.0,0.0,0.0,0.0,0.054652837210468624,0.0
95,confidence_impurity_centrality,7,0.0,0.2354045773097724,0.0,0.0,0.0007815977964643548,0.0,0.010391815238164117,0.0,0.28580058868918334,0.0,0.0,0.0,0.0,0.0,0.0,0.0,0.0,0.0,0.0,0.0,0.022110459075814586,0.0,0.0,0.34184822969766354,0.0,0.06835683402843447,0.0,0.0,0.0,0.0,0.0,0.0,0.0,0.0,0.0002286765005354697,0.0,0.0,0.0,0.0,0.0,0.0,0.0,0.03507722166396781,0.0
96,lift_impurity_centrality,7,0.0,0.26647937681522815,0.0,0.0,0.0010878013883105573,0.0,0.009654239564987347,0.0,0.24076137137543027,0.0,0.0,0.0,0.0,0.0,0.0,0.0,0.0,0.0,0.0,0.0,0.02834980792844692,0.0,0.0,0.32968543650040183,0.0,0.07905571621565599,0.0,0.0,0.0,0.0,0.0,0.0,0.0,0.0,0.00018871022046614607,0.0,0.0,0.0,0.0,0.0,0.0,0.0,0.04473753999107259,0.0
97,equal_impurity_centrality,7,0.0,0.23306841662301528,0.0,0.0,0.0007870628703463439,0.0,0.013048258405310225,0.0,0.2830907511454297,0.0,0.0,0.0,0.0,0.0,0.0,0.0,0.0,0.0,0.0,0.0,0.02261172620908988,0.0,0.0,0.33732492937627234,0.0,0.0752301211888792,0.0,0.0,0.0,0.0,0.0,0.0,0.0,0.0,0.00022565067679701856,0.0,0.0,0.0,0.0,0.0,0.0,0.0,0.03461308350486001,0.0
98,relevance_impurity_centrality,7,0.0,0.5826647748088074,0.0,0.0,0.013382798705301917,0.0,0.04698354553810697,0.0,0.06360686375136204,0.0,0.0,0.0,0.0,0.0,0.0,0.0,0.0,0.0,0.0,0.0,0.01770716360596401,0.0,0.0,0.05864603225493071,0.0,0.14659458898083652,0.0,0.0,0.0,0.0,0.0,0.0,0.0,0.0,0.004145036094651103,0.0,0.0,0.0,0.0,0.0,0.0,0.0,0.06626919626003931,0.0
99,support_relevance_centrality,7,0.0,0.8343986003772916,0.0,0.0,0.002678722183812118,0.0,0.11425890130841339,0.0,3.2963691957065594e-06,0.0,0.0,0.0,0.0,0.0,0.0,0.0,0.0,0.0,0.0,0.0,0.0362374595341473,0.0,0.0,3.688785864442599e-08,0.0,0.000337387467202972,0.0,0.0,0.0,0.0,0.0,0.0,0.0,0.0,0.01207775231913666,0.0,0.0,0.0,0.0,0.0,0.0,0.0,7.843552941526606e-06,0.0
100,confidence_relevance_centrality,7,0.0,0.8523975015742358,0.0,0.0,0.004104620981348543,0.0,0.09992716062689318,0.0,0.0001327066081728641,0.0,0.0,0.0,0.0,0.0,0.0,0.0,0.0,0.0,0.0,0.0,0.030068315307236113,0.0,0.0,5.88444122395942e-06,0.0,0.003264735015311094,0.0,0.0,0.0,0.0,0.0,0.0,0.0,0.0,0.0099975720371414,0.0,0.0,0.0,0.0,0.0,0.0,0.0,0.00010150340843703955,0.0
101,lift_relevance_centrality,7,0.0,0.8755885924135243,0.0,0.0,0.005611373472825752,0.0,0.08339143165410093,0.0,0.00016786872145146023,0.0,0.0,0.0,0.0,0.0,0.0,0.0,0.0,0.0,0.0,0.0,0.02371365819964253,0.0,0.0,7.599868081218389e-06,0.0,0.003513451431142952,0.0,0.0,0.0,0.0,0.0,0.0,0.0,0.0,0.007874443953014,0.0,0.0,0.0,0.0,0.0,0.0,0.0,0.0001315802862168865,0.0
102,equal_relevance_centrality,7,0.0,0.852848880937616,0.0,0.0,0.004138055275429646,0.0,0.09933056289939929,0.0,0.00013523620457405098,0.0,0.0,0.0,0.0,0.0,0.0,0.0,0.0,0.0,0.0,0.0,0.02969337101921553,0.0,0.0,5.810241590071704e-06,0.0,0.00387635187759729,0.0,0.0,0.0,0.0,0.0,0.0,0.0,0.0,0.009871508039441581,0.0,0.0,0.0,0.0,0.0,0.0,0.0,0.00010022350513649882,0.0
103,relevance_relevance_centrality,7,0.0,0.8551414209286772,0.0,0.0,0.003954174408257945,0.0,0.09976046120697069,0.0,3.326241506606236e-06,0.0,0.0,0.0,0.0,0.0,0.0,0.0,0.0,0.0,0.0,0.0,0.03056930547113037,0.0,0.0,4.9140210791192104e-08,0.0,0.00037141945303398967,0.0,0.0,0.0,0.0,0.0,0.0,0.0,0.0,0.010188205887137211,0.0,0.0,0.0,0.0,0.0,0.0,0.0,1.1637263075191347e-05,0.0
104,perm,8,0.35662650602409623,0.0,0.0,0.0,0.3132530120481926,0.0939759036144579,0.0,0.0,0.0,0.0,0.0,0.0,0.0,0.0,0.0,5.1364535115187936e-17,0.0,0.0,0.0,0.0,0.0,0.0,0.0,0.0,0.0,0.2650602409638554,0.0,0.0,0.0,0.0,0.0,0.0,0.0,0.0,0.0,0.0,-0.028915662650602286,0.0,0.0,0.0,0.0,0.0,0.0,0.0
105,gini,8,0.002929453051985297,0.0,0.0,0.0,0.005617652652150922,0.818120538896195,0.011095446732049133,0.0,0.0,0.0,0.0,0.0,0.0,0.0,0.0,0.018728884726113292,0.0,0.0,0.0,0.0,0.0,0.0,0.0,0.0,0.0,0.12495701330725775,0.0,0.0,0.0,0.0,0.0,0.0,0.0,0.0,0.0,0.0,0.018551010634248508,0.0,0.0,0.0,0.0,0.0,0.0,0.0
106,shap,8,0.16983721820069575,0.0,0.0,0.0,0.3339976898035279,0.2554773676817407,0.00170842818431986,0.0,0.0,0.0,0.0,0.0,0.0,0.0,0.0,0.012686179458196091,0.0,0.0,0.0,0.0,0.0,0.0,0.0,0.0,0.0,0.19615981305436778,0.0,0.0,0.0,0.0,0.0,0.0,0.0,0.0,0.0,0.0,0.030133303617151927,0.0,0.0,0.0,0.0,0.0,0.0,0.0
107,support_impurity_centrality,8,0.00531160540972663,0.0,0.0,0.0,0.01252553073509854,0.5859843608020908,0.024868206812081864,0.0,0.0,0.0,0.0,0.0,0.0,0.0,0.0,0.06924886180755181,0.0,0.0,0.0,0.0,0.0,0.0,0.0,0.0,0.0,0.28293118472062057,0.0,0.0,0.0,0.0,0.0,0.0,0.0,0.0,0.0,0.0,0.01913024971282979,0.0,0.0,0.0,0.0,0.0,0.0,0.0
108,confidence_impurity_centrality,8,0.0010782648450167007,0.0,0.0,0.0,0.004758619425137971,0.17151745409174146,0.010375368629812406,0.0,0.0,0.0,0.0,0.0,0.0,0.0,0.0,0.25714481659027044,0.0,0.0,0.0,0.0,0.0,0.0,0.0,0.0,0.0,0.5330070487561613,0.0,0.0,0.0,0.0,0.0,0.0,0.0,0.0,0.0,0.0,0.022118427661859674,0.0,0.0,0.0,0.0,0.0,0.0,0.0
109,lift_impurity_centrality,8,0.00088602099710296,0.0,0.0,0.0,0.0067527936993222355,0.20949197887780907,0.014155562920796548,0.0,0.0,0.0,0.0,0.0,0.0,0.0,0.0,0.24956165091669286,0.0,0.0,0.0,0.0,0.0,0.0,0.0,0.0,0.0,0.49712460438488865,0.0,0.0,0.0,0.0,0.0,0.0,0.0,0.0,0.0,0.0,0.022027388203387666,0.0,0.0,0.0,0.0,0.0,0.0,0.0
110,equal_impurity_centrality,8,0.0009675528628696825,0.0,0.0,0.0,0.00432149961318961,0.15495218748416306,0.009405017768091205,0.0,0.0,0.0,0.0,0.0,0.0,0.0,0.0,0.2714697849267695,0.0,0.0,0.0,0.0,0.0,0.0,0.0,0.0,0.0,0.5336418147681308,0.0,0.0,0.0,0.0,0.0,0.0,0.0,0.0,0.0,0.0,0.025242142576786208,0.0,0.0,0.0,0.0,0.0,0.0,0.0
111,relevance_impurity_centrality,8,0.0041711693997238805,0.0,0.0,0.0,0.017211694456772945,0.6363350337799819,0.03415710780612844,0.0,0.0,0.0,0.0,0.0,0.0,0.0,0.0,0.05836207744289051,0.0,0.0,0.0,0.0,0.0,0.0,0.0,0.0,0.0,0.23518333102203784,0.0,0.0,0.0,0.0,0.0,0.0,0.0,0.0,0.0,0.0,0.014579586092464418,0.0,0.0,0.0,0.0,0.0,0.0,0.0
112,support_relevance_centrality,8,0.009841439585655769,0.0,0.0,0.0,0.0018742153933197544,0.8720259801760799,0.003748904319816104,0.0,0.0,0.0,0.0,0.0,0.0,0.0,0.0,1.6642755525616513e-05,0.0,0.0,0.0,0.0,0.0,0.0,0.0,0.0,0.0,0.11143595938156285,0.0,0.0,0.0,0.0,0.0,0.0,0.0,0.0,0.0,0.0,0.0010568583880399838,0.0,0.0,0.0,0.0,0.0,0.0,0.0
113,confidence_relevance_centrality,8,0.007877655896560616,0.0,0.0,0.0,0.0027411412085608963,0.8459083215603125,0.005532441333051249,0.0,0.0,0.0,0.0,0.0,0.0,0.0,0.0,0.00021756235632261963,0.0,0.0,0.0,0.0,0.0,0.0,0.0,0.0,0.0,0.13390360809515767,0.0,0.0,0.0,0.0,0.0,0.0,0.0,0.0,0.0,0.0,0.0038192695500344465,0.0,0.0,0.0,0.0,0.0,0.0,0.0
114,lift_relevance_centrality,8,0.006468840113115249,0.0,0.0,0.0,0.0039339093614008435,0.8409009485772833,0.007908782852352678,0.0,0.0,0.0,0.0,0.0,0.0,0.0,0.0,0.00019034846959970517,0.0,0.0,0.0,0.0,0.0,0.0,0.0,0.0,0.0,0.13732303690674522,0.0,0.0,0.0,0.0,0.0,0.0,0.0,0.0,0.0,0.0,0.003274133719503088,0.0,0.0,0.0,0.0,0.0,0.0,0.0
115,equal_relevance_centrality,8,0.007768051345284597,0.0,0.0,0.0,0.0027407170722617,0.8471039158873888,0.005530543494217237,0.0,0.0,0.0,0.0,0.0,0.0,0.0,0.0,0.00025016379081464334,0.0,0.0,0.0,0.0,0.0,0.0,0.0,0.0,0.0,0.13186849736534811,0.0,0.0,0.0,0.0,0.0,0.0,0.0,0.0,0.0,0.0,0.004738111044685005,0.0,0.0,0.0,0.0,0.0,0.0,0.0
116,relevance_relevance_centrality,8,0.00867136555572745,0.0,0.0,0.0,0.0028897903623325296,0.8820540350666048,0.005779997946413684,0.0,0.0,0.0,0.0,0.0,0.0,0.0,0.0,1.4876190938899047e-05,0.0,0.0,0.0,0.0,0.0,0.0,0.0,0.0,0.0,0.09971515744554757,0.0,0.0,0.0,0.0,0.0,0.0,0.0,0.0,0.0,0.0,0.0008747774324350359,0.0,0.0,0.0,0.0,0.0,0.0,0.0
117,perm,9,0.0,0.0,0.011904761904761916,0.0,0.2785714285714286,0.46428571428571425,0.030952380952380974,0.0,0.0,0.0714285714285714,0.0,0.04999999999999998,0.0,-0.023809523809523808,0.04047619047619047,0.0023809523809523885,0.0,0.0,0.0,0.0,0.0,0.0,0.0,0.0,0.0,0.009523809523809504,0.0,0.0,0.0,0.0,0.0,0.0,0.0,0.0,0.0,0.0,0.019047619047619008,0.052380952380952396,0.0,0.0,0.0,0.0,-0.00714285714285709,0.0
118,gini,9,0.0,0.0,0.0074464071896670255,0.0,0.005039838693447946,0.7511831103026665,0.005082549190850119,0.0063929193532945745,0.0,0.09806883774691195,0.0,0.017072000545729826,0.0,0.009158110660870411,0.014207691717960923,0.01129087112080655,0.0,0.0,0.0,0.005169615227179941,0.0,0.0,0.012430676520295008,0.0,0.0,0.020094569125970768,0.0,0.0,0.005553302335143052,0.0,0.0,0.0,0.0,0.0,0.0,0.0,0.018211575320421988,0.005125804928644516,0.0,0.0,0.0,0.0,0.008472120020138961,0.0
119,shap,9,0.0,0.0,0.008626096657326925,0.0,0.21096217680338206,0.4041856906980661,0.01024842029192982,0.00367442784619724,0.0,0.06956706319664475,0.0,0.025533026052327372,0.0,0.02320740871028509,0.03592275771126928,0.013637537872318875,0.0,0.0,0.0,0.0,0.0,0.0,0.021800137011985327,0.0,0.0,0.03239347819147337,0.0,0.0,0.013611421340336214,0.0,0.0,0.0,0.0,0.0,0.0,0.0,0.023992314558895923,0.061614746748003386,0.0,0.0,0.0,0.0,0.041023296309558165,0.0
120,support_impurity_centrality,9,0.0,0.0,0.03097259826175822,0.0,0.006598230018724008,0.2150741671475107,0.006598253612966778,0.039870310261311714,0.0,0.06592169673181905,0.0,0.05109853231654864,0.0,0.11940207569959231,0.0653251938033682,0.06836301230683577,0.0,0.0,0.0,0.0065983069125230545,0.0,0.0,0.07110440423448294,0.0,0.0,0.1261517506700194,0.0,0.0,0.006338628983284523,0.0,0.0,0.0,0.0,0.0,0.0,0.0,0.1017119640019772,0.006598279866977828,0.0,0.0,0.0,0.0,0.012272595170299666,0.0
121,confidence_impurity_centrality,9,0.0,0.0,0.055485251762190865,0.0,0.00021346771058730613,0.05839090759207723,0.0002136402627082307,0.11652852764252067,0.0,0.04319478952958246,0.0,0.09721403452933787,0.0,0.12888198967586392,0.03937916932093273,0.09564792462108411,0.0,0.0,0.0,0.000214030025884792,0.0,0.0,0.059789079887860794,0.0,0.0,0.15848497359103875,0.0,0.0,0.0010309514052303057,0.0,0.0,0.0,0.0,0.0,0.0,0.0,0.1416227394420477,0.0002138322501759399,0.0,0.0,0.0,0.0,0.0034946907508759673,0.0
122,lift_impurity_centrality,9,0.0,0.0,0.07378513396166689,0.0,0.00029839593845373607,0.06066852390827847,0.0002985343368853338,0.11311096418597519,0.0,0.03470581307932461,0.0,0.10615376590543975,0.0,0.11841373104241493,0.052629421126202836,0.09570093827603157,0.0,0.0,0.0,0.00029884688860933956,0.0,0.0,0.07486935026980727,0.0,0.0,0.12639743759580988,0.0,0.0,0.0008266667388729842,0.0,0.0,0.0,0.0,0.0,0.0,0.0,0.13746320029010622,0.0002986882919473584,0.0,0.0,0.0,0.0,0.004080588164173394,0.0
123,equal_impurity_centrality,9,0.0,0.0,0.05515294349185123,0.0,0.00021485083179601116,0.05924881173936289,0.0002150223505904714,0.1158306233844292,0.0,0.04327936775430337,0.0,0.0984331727509244,0.0,0.12836235143138994,0.039841869214285494,0.09507507696548301,0.0,0.0,0.0,0.0002154097790867262,0.0,0.0,0.060177987632112975,0.0,0.0,0.15781624172807637,0.0,0.0,0.0012596689638831287,0.0,0.0,0.0,0.0,0.0,0.0,0.0,0.14111260351942714,0.00021521318805380743,0.0,0.0,0.0,0.0,0.0035487852749435996,0.0
124,relevance_impurity_centrality,9,0.0,0.0,0.03763844362040476,0.0,0.008184190442942087,0.23851631068643353,0.008184207076116582,0.03836355649583047,0.0,0.047201398554752055,0.0,0.05799032644146118,0.0,0.10678568477567785,0.06899303255852637,0.06329484768499839,0.0,0.0,0.0,0.008184244648481807,0.0,0.0,0.08033145500453069,0.0,0.0,0.10831339440322142,0.0,0.0,0.004424530646760533,0.0,0.0,0.0,0.0,0.0,0.0,0.0,0.10637220166333688,0.008184225583312157,0.0,0.0,0.0,0.0,0.009037949713213228,0.0
125,support_relevance_centrality,9,0.0,0.0,0.012971155680859858,0.0,0.006193259622056287,0.7915413583404084,0.00619322492597393,1.3549627033151302e-08,0.0,0.1686114033557579,0.0,2.9433470384735007e-06,0.0,1.1455556922567692e-05,0.0013664810609138106,5.0853647786186495e-06,0.0,0.0,0.0,0.00619322492597393,0.0,0.0,4.0311505486882865e-06,0.0,0.0,2.693985586695704e-05,0.0,0.0,0.0003894629063976919,0.0,0.0,0.0,0.0,0.0,0.0,0.0,3.4941375662270402e-06,0.00619322492597393,0.0,0.0,0.0,0.0,0.00029324129333575154,0.0
126,confidence_relevance_centrality,9,0.0,0.0,0.0069459254278470065,0.0,0.0063205493263159595,0.7296319898300992,0.006312360411935697,1.467132501812461e-06,0.0,0.2288425395749148,0.0,5.125427117082947e-05,0.0,0.0002742130003611745,0.005554004216891777,6.84576124385099e-05,0.0,0.0,0.0,0.006312360411935697,0.0,0.0,0.00013163356820396205,0.0,0.0,0.0003243326945760563,0.0,0.0,0.0015611219398012702,0.0,0.0,0.0,0.0,0.0,0.0,0.0,8.830424469759254e-05,0.006312360411935697,0.0,0.0,0.0,0.0,0.0012671259243728782,0.0
127,lift_relevance_centrality,9,0.0,0.0,0.004406946176054422,0.0,0.007044377550139869,0.7453718189507108,0.007039194301943265,1.057524212040111e-06,0.0,0.2157409877228419,0.0,5.44747582527649e-05,0.0,0.00028361297904429223,0.003560470211843716,6.237717497879017e-05,0.0,0.0,0.0,0.007039194301943265,0.0,0.0,9.067423872517258e-05,0.0,0.0,0.00033407237219819396,0.0,0.0,0.000988415234756244,0.0,0.0,0.0,0.0,0.0,0.0,0.0,9.268327781932228e-05,0.007039194301943265,0.0,0.0,0.0,0.0,0.0008504489225927044,0.0
128,equal_relevance_centrality,9,0.0,0.0,0.006876472625486634,0.0,0.0063376698853022185,0.7315707171636097,0.006329562869853517,1.4524625395816048e-06,0.0,0.2265551100844211,0.0,5.4300308220662424e-05,0.0,0.00027152922347728774,0.0057903586770828965,6.777309990290259e-05,0.0,0.0,0.0,0.006329562869853517,0.0,0.0,0.00013031735479346275,0.0,0.0,0.000321104193499151,0.0,0.0,0.001630471296913302,0.0,0.0,0.0,0.0,0.0,0.0,0.0,8.762462891221633e-05,0.006329562869853517,0.0,0.0,0.0,0.0,0.0013164103862783577,0.0
129,relevance_relevance_centrality,9,0.0,0.0,0.00885167293755212,0.0,0.007436281624705736,0.8380989535001427,0.0074362579505515515,1.1007805493424421e-08,0.0,0.1218582677862798,0.0,3.4141691624670222e-06,0.0,1.2336282019150027e-05,0.0009253283897427102,5.2415220994162035e-06,0.0,0.0,0.0,0.0074362579505515515,0.0,0.0,3.0520516360876826e-06,0.0,0.0,3.072111001957949e-05,0.0,0.0,0.00026320713037725386,0.0,0.0,0.0,0.0,0.0,0.0,0.0,3.891646293160918e-06,0.0074362579505515515,0.0,0.0,0.0,0.0,0.00019884699050967862,0.0
