,method,fold,Attribute1,Attribute2,Attribute3,Attribute4,Attribute5,Attribute6,Attribute7,Attribute8,Attribute9,Attribute10,Attribute11,Attribute12,Attribute13,Attribute14,Attribute15,Attribute16,Attribute17,Attribute18,Attribute19,Attribute20,Attribute21
0,perm,0,0.002877697841726619,-0.0038369304556354926,-0.0062350119904076755,0.0033573141486810563,0.0589928057553957,0.05323741007194246,0.19616306954436452,0.02925659472422063,0.04028776978417268,0.12517985611510796,0.18561151079136692,0.0892086330935252,0.04556354916067148,0.03453237410071944,0.11414868105515591,0.027338129496402887,0.0033573141486810563,0.020623501199040772,-0.00863309352517986,-0.006714628297362113,-0.00431654676258993
1,gini,0,0.0030304209189874714,0.0020058940772680715,0.005257011952454358,0.00909779146509707,0.05231376162458304,0.022337261055545156,0.2576290559939839,0.03854003253796478,0.05469664820801569,0.06945566434645849,0.1715445517916391,0.10641524275997107,0.04269502744886385,0.018865106675613395,0.06495613409019783,0.03472900541247024,0.014432975562026133,0.015728773300859367,0.008064789233618735,0.0032297763356370747,0.004975075208745231
2,shap,0,0.004899219398214774,0.0029869351528707673,0.006772333437506219,0.013247630861954489,0.054384760999788936,0.04579512957953301,0.14573557337481466,0.05312360256437772,0.06119864573622908,0.08047816294041414,0.17157361428795315,0.1050866041451061,0.05731088069144796,0.02004579917074406,0.08062812351994601,0.040491365801495455,0.02070771423525701,0.0213257405759704,0.004556617919992845,0.00528481293332588,0.004366732673057527
3,support_impurity_centrality,0,0.010144460429223833,0.005793492839829211,0.010602662289825761,0.020446503693781943,0.07716380329551151,0.03736401411527978,0.09446277001661879,0.06205192189146344,0.053668712695654895,0.08115085789026331,0.1536469667030488,0.07918607393033701,0.07109146345291531,0.03495717074889394,0.06353530455830644,0.06033077708656799,0.02595911646181769,0.026823837418105553,0.013490684140379627,0.005406812037966246,0.012722594304208877
4,confidence_impurity_centrality,0,0.03136632419039737,0.02147315843036728,0.011772882689489074,0.025748347773128153,0.06417067324381362,0.04486485671454968,0.09489284227892633,0.05854745991258653,0.05887373089892445,0.06758255717350976,0.08468635692245048,0.06996697154265345,0.06777741075120514,0.049112884572108655,0.047397844274174795,0.061954676585539555,0.03434711153667065,0.04058034787829604,0.011358653057461848,0.0181119023763441,0.03541300719740283
5,lift_impurity_centrality,0,0.03528890950671227,0.024205872088505095,0.015455806770626879,0.03045933769148572,0.06360594767425871,0.04733293748247796,0.08673802287870827,0.059984853140938925,0.05431717686092258,0.06290465794538956,0.07256234261349243,0.06655356696179354,0.06355144416239174,0.04995364524296316,0.049189652759652445,0.06141635155304863,0.038218251282580884,0.044744811755807024,0.014865547429631587,0.02236774233764364,0.03628312186096886
6,equal_impurity_centrality,0,0.03074392489141641,0.020893567484842904,0.011984308947078224,0.026567474402231048,0.06373764426880199,0.046160198874280974,0.09361430322005006,0.058538983755317006,0.057999057613453184,0.06742563617756821,0.08431095194344389,0.06961139257965807,0.06692702701278251,0.05081989929249091,0.04780536175572145,0.06158677867796143,0.034266146842219805,0.040136545881416165,0.012077437693056704,0.01778765479656641,0.03700570388964265
7,relevance_impurity_centrality,0,0.01009325763208134,0.00576229471972738,0.010683146804408334,0.020472617238835075,0.07697110870924467,0.037261706759828137,0.09429675743804206,0.06214900478061328,0.05405487651546737,0.08114773790897814,0.1532354279263966,0.07911046537382706,0.07095709655409685,0.034822571587519356,0.06378069611393697,0.060474018904608164,0.026002412598875355,0.027064199584508286,0.013564282538408228,0.005394204389666884,0.012702115920930441
8,support_relevance_centrality,0,2.94419314842584e-07,2.095075771983208e-10,7.025677595594973e-06,0.0002208121520475219,0.033440770803925754,0.02765709956560583,0.26402770507675993,0.040622634632261824,0.029706477683855568,0.05093356113831175,0.4061215951664476,0.03530678356928857,0.046188703072105965,3.839058062739422e-05,0.059751359396502474,0.001177230295705134,0.00473677086305165,5.034205703955869e-05,1.131421919800541e-06,1.0986702352800944e-06,1.0213547890353126e-05
9,confidence_relevance_centrality,0,3.0803544396918055e-06,2.4246474402639606e-08,7.189964748178516e-05,0.0007148132029613614,0.02984049143008213,0.02420317558793274,0.3088233569850612,0.04096571459130985,0.03588163466989245,0.04745132175327873,0.3618517190546581,0.04070908126476007,0.04508995455246066,0.0002729553878923608,0.05509425795475763,0.0019571814233516004,0.0065430020241930365,0.0004404354864754936,1.905026803122083e-05,1.4367940718353494e-05,5.248217378712405e-05
10,lift_relevance_centrality,0,3.017772685635186e-06,2.4103287513343424e-08,7.244413134813772e-05,0.0007001263362658439,0.030033950164087612,0.02439049995025448,0.30917536282597635,0.04030707206068545,0.035674770327255106,0.04760788290829543,0.3628421712825603,0.04018715768533751,0.045392509658721485,0.0002734045888303222,0.05430150070760676,0.001959494650432372,0.0065525996045928915,0.00044126562258406214,1.9121805425474242e-05,1.4203368210376165e-05,5.142044555687323e-05
11,equal_relevance_centrality,0,2.974479899768775e-06,2.3295362049008096e-08,7.976619342473383e-05,0.0007631870939620266,0.030189366150429865,0.024366647363534673,0.3052533458823286,0.040975588469007854,0.035453719551674104,0.047891802503885784,0.36417741145764637,0.040890993986495545,0.045191485527429916,0.00027272207930786055,0.05545791908411173,0.0019671868223956872,0.006397710761733876,0.0005676750821343336,2.3732483245911222e-05,1.942983744234342e-05,5.7311894546945694e-05
12,relevance_relevance_centrality,0,2.904353781515227e-07,2.091331511912623e-10,7.118001072036774e-06,0.00021666277910385552,0.033628627115934825,0.027822243731460392,0.26485267155466474,0.03991387617779513,0.029553873567348822,0.051036077105468286,0.4068191964622495,0.034778039977549004,0.04647003243185829,3.8766271990830196e-05,0.05884486663502581,0.0011853686891387374,0.0047694731974719275,5.0550262034215766e-05,1.1424709882893774e-06,1.0879786165895357e-06,1.00349457174284e-05
13,perm,1,-0.007098491570541261,-0.002218278615794144,-0.00399290150842946,0.0017746228926353153,0.02706299911268856,0.06832298136645965,0.07897071872227154,0.016858917480035495,0.07763975155279505,0.08651286601597162,0.19875776397515518,0.05590062111801243,0.07586512866015972,0.023513753327417928,0.17480035492457852,0.0430346051464064,0.023957409050576757,0.0430346051464064,0.006211180124223604,0.0013309671694764864,0.009760425909494235
14,gini,1,0.004679302579851884,0.004587937885143715,0.003224610727602858,0.013898186537064514,0.019349348834173243,0.08438914087038951,0.0715687032797464,0.028291666707491215,0.043964951564837686,0.04843699470154598,0.162838674240408,0.12627926557371816,0.04523220836933514,0.016469356021037065,0.24435872447619142,0.018651468449606617,0.022923964705567356,0.022422308673380607,0.00738894991086226,0.006409637512767694,0.004634598379278554
15,support_impurity_centrality,1,0.009973949526406144,0.009078545093921633,0.00855901634608252,0.02103776937682211,0.03254801586108579,0.08555995048782092,0.09284020853613607,0.05397384495456344,0.039322246669940594,0.07204868406830682,0.1773013902532687,0.07425871449808319,0.05900563430027181,0.029658415557474532,0.0932215081911599,0.031673589193342684,0.042586853124662274,0.031795508984395274,0.020065899178769775,0.010691735041523676,0.00479852075596215
16,confidence_impurity_centrality,1,0.01994905688279569,0.006651398788709781,0.019973207875165377,0.020610617980592858,0.028355253215303564,0.07978897206309847,0.07038891108724342,0.05611786075816407,0.043825203291630616,0.07447525193716588,0.11656193815023679,0.08252040561128111,0.06405378096336105,0.02346835865425881,0.09713014447663863,0.032788983032261264,0.053659056630543725,0.03567985849734957,0.037732975427870664,0.028480081299404065,0.0077886833769247425
17,lift_impurity_centrality,1,0.023838699712483796,0.009351807093617109,0.022981965740349275,0.025613730336182614,0.0340222959266899,0.07518698600326569,0.06554990295862903,0.05506661549809943,0.045326756176000016,0.07054226985560211,0.0986471590039078,0.07616034479059419,0.060469913068564876,0.029195585552135278,0.09108859577093896,0.03553875665249264,0.05939041244684305,0.040022739822255314,0.04113654029317244,0.02995703416636471,0.010911889131811597
18,equal_impurity_centrality,1,0.020002125735840728,0.00693610996661679,0.019435125460267887,0.02033422134016138,0.029130787113098643,0.07969708999620286,0.07122069952751364,0.0567083020714601,0.04404463497713736,0.07394371536886618,0.11525551926352148,0.08131689897496894,0.06275106980814632,0.02571423924837776,0.09709197146143364,0.033682545814117996,0.055249296089687684,0.035446807429903374,0.03674867262210534,0.027732110747197086,0.007558056983374588
19,relevance_impurity_centrality,1,0.009893896627494046,0.009152388342264664,0.00851759923732305,0.02105268307518302,0.03241120507531654,0.08557499879557734,0.09251023802066002,0.05398492510363396,0.039610056190314345,0.07200205748340685,0.17711663489539492,0.07406516718184539,0.05886632549489702,0.029739759297938154,0.09326765176630682,0.031971102200493644,0.04271651529311305,0.031948335911134274,0.02011241341389405,0.010698795987380709,0.004787250606428109
20,support_relevance_centrality,1,8.969680262662854e-08,1.3952895300129067e-05,3.157703044754571e-07,0.00010333485943840386,5.068424772698773e-05,0.09427742308557367,0.07004503110415647,0.00044203127485388847,0.009480053419668746,0.037787885799935514,0.33679599631975865,0.07178968776879603,0.0546439567681785,0.027925757144927406,0.2818224279499203,0.0001065071859946011,1.4406092076613731e-05,0.01462709732497623,6.032063764832771e-05,1.6909441008039495e-08,1.302374452140208e-05
21,confidence_relevance_centrality,1,3.1753637761408375e-06,7.016915106250223e-05,6.1290750317769e-06,0.0004947450959031227,0.0002573111577994023,0.08287806824301983,0.06456425528168434,0.0014608601408550553,0.013693910812355922,0.033273031786696966,0.3009476765859135,0.07298921925917513,0.05189300851606878,0.02324245667933272,0.3378346537566421,0.0004013121373531958,8.51996850502257e-05,0.01554385578268077,0.0003029394974620999,7.529980330072845e-07,5.726899410336192e-05
22,lift_relevance_centrality,1,3.1287124908932454e-06,7.080460710960239e-05,6.02607656270553e-06,0.0004889066060436479,0.0002526395570294947,0.08275606034267818,0.06508780236715281,0.0014600856808198324,0.013601936050075774,0.03337857334722194,0.3016445222302236,0.07211998472561595,0.05209132382812116,0.023460500420571455,0.33740091204490535,0.0004030784442027829,8.582267951069945e-05,0.01533225665384332,0.00029709677786945277,7.543674999745109e-07,5.778448045134527e-05
23,equal_relevance_centrality,1,3.736160046755627e-06,7.352218759235978e-05,6.513299613860427e-06,0.0005152723448033561,0.0002723858461831742,0.0834343447107966,0.0647575354483787,0.0014288028739994892,0.013713665945306448,0.033688817533740464,0.3035086296592254,0.07291402560101545,0.05198898029086239,0.023445988719943585,0.3336795930747316,0.00043189930358933647,9.019585835936967e-05,0.015664499689929053,0.0003033637232466589,8.053143084380357e-07,7.742241432747488e-05
24,relevance_relevance_centrality,1,8.93557796312309e-08,1.4202374133321787e-05,3.1337773885904416e-07,0.00010270268894004476,5.007363518897144e-05,0.09404281550803585,0.07058973953607622,0.0004467511296504938,0.009367214498178691,0.03784825739082817,0.3371483770935845,0.07081660311456009,0.054854338246612754,0.028132443092698044,0.28201827570639454,0.00010775059558396831,1.4660021550676672e-05,0.01437253817994801,5.972951137859191e-05,1.714153162493676e-08,1.3107801606956486e-05
25,perm,2,0.0,0.0,0.0,0.0,0.09404849375459222,0.10653930933137393,0.09037472446730349,0.024981631153563586,0.03379867744305662,0.09698750918442323,0.265980896399706,0.012490815576781793,-0.024246877296105838,0.0822924320352683,0.14180749448934596,0.015429831006612806,0.04628949301983841,0.003673769287288763,0.0,0.009551800146950784,0.0
26,gini,2,0.0,0.0009422202053386651,0.0,0.0019938621275071974,0.07122406508486281,0.05129671497013217,0.07561102351211967,0.0187913314044902,0.028499574007426975,0.05505274756395371,0.1636615284001469,0.16333514145551403,0.01797323593290017,0.012307957132857258,0.28295883075270223,0.022875814674362414,0.02238777634648341,0.007700207481927244,0.0,0.0033879689472750304,0.0
27,shap,2,0.0,0.002353316278075777,0.0,0.003114312608384733,0.09150568447645803,0.05253482451754587,0.09232361435829933,0.033783565424247056,0.04867734924696694,0.0794428162529737,0.17877461162223293,0.09948572790987799,0.03309413391523272,0.028884574495195464,0.16575694512252268,0.035859611725802265,0.03619705069339041,0.01405039137095175,0.0,0.0041614699818425666,0.0
28,support_impurity_centrality,2,0.0,0.0032519042033995345,0.0,0.0013091397564856523,0.11193547516432034,0.05954245457588178,0.10152231960970907,0.028003013832714946,0.029787405595026465,0.07060156817901553,0.24906239988060802,0.08599769643690501,0.038270135523438206,0.01738976831279208,0.1091040986833512,0.0291439603508261,0.03727325824125462,0.02283302168902236,0.0,0.004972379965249088,0.0
29,confidence_impurity_centrality,2,0.0,0.018225356860352097,0.0,0.0004892715474898463,0.08651870234051416,0.08902745816936804,0.06887460272673135,0.09120587926461894,0.06735351421892803,0.053304917935403415,0.1624399321775857,0.07915734101537793,0.07842551079885608,0.02701145623439756,0.08688361520275392,0.015168175339610778,0.014930191115605307,0.05781496565605306,0.0,0.00316910939635368,0.0
30,lift_impurity_centrality,2,0.0,0.02022053112131429,0.0,0.0005413627248113334,0.08661593361703626,0.09129674427526614,0.07024252585815699,0.08660641330594049,0.06911718794423982,0.05608419921439595,0.14478049438498777,0.07708601486265255,0.08141441148491743,0.029590790215249907,0.08744574679233875,0.016675329997286752,0.01675267932201558,0.06197302785396127,0.0,0.003556607025428663,0.0
31,equal_impurity_centrality,2,0.0,0.016176994861857124,0.0,0.00057182256941158,0.08535129413460901,0.09002175766900114,0.07448894395763014,0.083889626509379,0.061373097565109815,0.05670143404043635,0.16246383473671727,0.0800394349730149,0.07269238781960549,0.02677701952356731,0.09181979420076056,0.018070994375916655,0.01903063342060439,0.05735396217579707,0.0,0.003176967466582234,0.0
32,relevance_impurity_centrality,2,0.0,0.0033042943926630238,0.0,0.001287363713253956,0.1119810283301294,0.05943598996887376,0.10164058179985358,0.027961623350456766,0.02992435652196493,0.07044643258975809,0.2486063496953294,0.08571032827416275,0.03862298029304556,0.017362747186100987,0.10924866437068587,0.028973249507827207,0.03756144320537817,0.023037655794914923,0.0,0.004894911005601606,0.0
33,support_relevance_centrality,2,0.0,7.754669561689548e-09,0.0,7.787688112832654e-05,0.028581974821144596,0.0179018441229279,0.08118314162947336,0.07517523778006063,0.0036248617792954125,0.018469625031381554,0.3351055368845398,0.15560346154200114,0.04261548354821923,0.023932818760657025,0.20846535441086472,0.0011915657930269934,0.007754692957930525,0.0003035302516506904,0.0,1.2986051028549928e-05,0.0
34,confidence_relevance_centrality,2,0.0,3.861417755330473e-07,0.0,0.0002873063267122802,0.036937274650455536,0.02022715124722527,0.07603899955397615,0.05914477085254646,0.012847744667321675,0.020935714731136888,0.3126305793281546,0.15584886874139323,0.04475124551069976,0.024509214246854524,0.21876911226638324,0.003912620164360012,0.012016267296039034,0.0010777503505231371,0.0,6.499392444267139e-05,0.0
35,lift_relevance_centrality,2,0.0,3.9133035806155545e-07,0.0,0.000282922597153241,0.03717565934911732,0.020454900699567673,0.07562017396563832,0.05824998291015263,0.01293850369882873,0.020843130802347717,0.31208558642583656,0.1555572099564513,0.045374545709517024,0.024848280368249046,0.21936620584894415,0.003934700219391427,0.012118149231222182,0.0010855587363989539,0.0,6.40981508256877e-05,0.0
36,equal_relevance_centrality,2,0.0,3.585440841462317e-07,0.0,0.0003019950279119032,0.036866788942384085,0.019988176970964524,0.07603394458116298,0.059492364781053894,0.012517237856264194,0.02215256186136093,0.3153978465163353,0.15412413632593552,0.044073857541019584,0.02392931896567818,0.21587590495221776,0.005110707198982329,0.013026064445576201,0.001036063490088775,0.0,7.267199897970256e-05,0.0
37,relevance_relevance_centrality,2,0.0,7.982462400218229e-09,0.0,7.743800494261942e-05,0.02900476542982004,0.018271961466267275,0.0805713268627376,0.07386945607391726,0.0036981300726843798,0.018251257978563435,0.3340815276469131,0.15536959931681643,0.04350706502476911,0.024440346688148058,0.20946848100498108,0.0011981280580672686,0.007867755406953877,0.00030985619755910906,0.0,1.2896784396936137e-05,0.0
38,perm,3,0.0,0.00127307447485678,0.00509229789942712,0.00700190961171229,0.006365372374283901,0.0642902609802674,0.07447485677912163,0.017823042647994922,0.00254614894971356,0.18968809675366008,0.2221514958625078,0.0642902609802674,0.15213239974538517,0.03373647358370467,0.17059197963080844,0.01018459579885424,-0.02482495225970721,0.011457670273711022,-0.00827498408656907,0.0,0.0
39,gini,3,0.0015895489663757957,0.0028403179310816135,0.0036694880805468724,0.002996173646938505,0.04641708808030909,0.08608884474550324,0.056676830680391074,0.012094390019900677,0.01955332444360858,0.050876179621059836,0.1850089149720147,0.13119238640987177,0.03850801038984796,0.024165086287476416,0.2851805695772826,0.012564684127303447,0.03650131600285712,0.0019720051100614268,0.002104840907569347,0.0,0.0
40,shap,3,0.001510426807076354,0.001942850250170312,0.0033078647095336105,0.0014773120675383976,0.032324257319426696,0.07142807818321753,0.07975103387439894,0.02324511680028549,0.031677996697608006,0.09140991935458993,0.21268544745964005,0.06768741809354772,0.08200416856065869,0.05352506677576281,0.17749362485329903,0.019261527937885544,0.04311008183455191,0.002917536278480623,0.003240272142328582,0.0,0.0
41,support_impurity_centrality,3,0.0019901269491691335,0.009911706625777943,0.01170753369598108,0.00803663130945114,0.05557877349495748,0.08822639534563664,0.0874321411532879,0.018162391932643834,0.025953194224598436,0.06686744683389668,0.232989322956217,0.06663477080569001,0.07036654355575186,0.04937396361403509,0.1511169556647728,0.021428112767196167,0.028507621533147055,0.002085963413380224,0.003630404124409535,0.0,0.0
42,confidence_impurity_centrality,3,0.003044767899144163,0.01771145750152413,0.01038325002313502,0.03038902907302411,0.09579239483897128,0.09153145568852437,0.06351366013872158,0.03958438672379962,0.05758014598819882,0.04167289151163072,0.13633364425093172,0.0902287694896087,0.0712089037325131,0.05845579921001397,0.13522298036672992,0.01987403869641213,0.03067250603887175,0.0002374200388679478,0.006562498789376865,0.0,0.0
43,lift_impurity_centrality,3,0.0033834146337979715,0.019278675781789868,0.01134106159070291,0.03234482124770783,0.0912591773357495,0.08982484679334234,0.06460396111071218,0.04232254592956273,0.05958999605451161,0.043963182769581846,0.12852131862897503,0.08788006385339431,0.07294509923953192,0.06015242019891996,0.13027824870435364,0.0218838452358752,0.03300437115309798,0.0002644026429493681,0.0071585470954436395,0.0,0.0
44,equal_impurity_centrality,3,0.0033725753249343026,0.016946152052031767,0.009253546153517065,0.027947175569717257,0.09038716575623504,0.09187559612661828,0.06595735581961257,0.03734179608857944,0.05583053754645816,0.048062740962344384,0.1432793950717006,0.08854071867981911,0.07071229552892373,0.054735415023917156,0.1355838647222497,0.01994233203188035,0.0322736436741833,0.000212358342953371,0.007745335524324415,0.0,0.0
45,relevance_impurity_centrality,3,0.0020143939471512083,0.01004681115727075,0.011817287216612064,0.008099106339836215,0.05569814231753414,0.08779986544190939,0.08743186473485283,0.018099069403623633,0.026037825344802305,0.06704747208660015,0.23277799196906585,0.06634050038465453,0.07034707771202611,0.049471085292373776,0.15086048739299485,0.02157961113616633,0.028821235328200835,0.002105511226461288,0.003604661567863757,0.0,0.0
46,support_relevance_centrality,3,2.3671371757076324e-08,6.988661705214612e-08,3.590223203393341e-06,9.374638967799738e-09,0.003951813664055697,0.10524354996541248,0.044476422434254974,6.020379293065932e-06,0.009550135541337575,0.03516662839292515,0.4768968838522195,0.03618716597231843,0.008176792479537683,0.030022450373753194,0.24805643243276285,8.46034723815303e-05,0.001969620899264678,0.00020773688949317947,5.009515885150858e-08,0.0,0.0
47,confidence_relevance_centrality,3,6.147711893162156e-07,1.6376871065705398e-06,2.7409461939036906e-05,4.456888812573997e-07,0.008813163275228991,0.09433782293399665,0.037780610731814095,6.110873384754614e-05,0.011629817680619606,0.031222443356850923,0.41914970869454937,0.04689664028599795,0.011972684083575914,0.02527315129182626,0.30570175169936065,0.0005152881141271011,0.006170567025469814,0.0004433233787568591,1.8111048620584268e-06,0.0,0.0
48,lift_relevance_centrality,3,6.170897769113222e-07,1.6495710926349795e-06,2.7500968113137238e-05,4.48971715181478e-07,0.008839785952580123,0.09425101694420356,0.03811848727202878,6.046885570881068e-05,0.01147096167247494,0.03149977849314456,0.42036470600537423,0.0464238917118523,0.011893774389968472,0.025500831790146127,0.30438806267367974,0.0005161976790303693,0.006195032181150211,0.00044500415090923453,1.7836270506869419e-06,0.0,0.0
49,equal_relevance_centrality,3,5.607879048554745e-07,1.7425433561218952e-06,2.6335910032248384e-05,4.6091354294427397e-07,0.008537282755106606,0.09529064742374635,0.038518973844015,6.254554891993033e-05,0.011501489089876306,0.032235715938608286,0.4246287909185281,0.045558418673374165,0.011571926471560332,0.025758405856621144,0.29910701618219127,0.0006760678175395518,0.006106124861626739,0.00041528454269408534,2.2099207559905007e-06,0.0,0.0
50,relevance_relevance_centrality,3,2.4349831860207478e-08,7.214080005334555e-08,3.6869230521719265e-06,9.683347653962843e-09,0.004050677443694333,0.10499767547859716,0.044611822943871955,6.055942696233504e-06,0.009443724421105635,0.035279536201115,0.47691524103587474,0.03601591426824446,0.008175932445682493,0.030113093542715293,0.24807054633101402,8.587450904000092e-05,0.0020170102240715847,0.00021305168437353675,5.043087181391857e-08,0.0,0.0
51,perm,4,0.0033003300330033004,0.014301430143014302,-0.0044004400440044,0.0077007700770077014,-0.0011001100110011,0.04235423542354236,0.10561056105610561,0.05995599559955996,0.0407040704070407,0.07205720572057206,0.23322332233223322,0.04345434543454346,0.06105610561056105,0.07755775577557755,0.17436743674367436,0.039603960396039604,-0.012651265126512653,0.027502750275027504,0.015401540154015403,0.0,0.0
52,gini,4,0.003155340008366536,0.00369531058165135,0.002604913111887041,0.009872768593204172,0.028076476250832788,0.0658098205555214,0.07975318579061308,0.03466987615491174,0.03330312955904588,0.03670778804995069,0.24719076229464937,0.05058512435396241,0.04740866623567892,0.03621295973863348,0.2390934665508429,0.034982450204401744,0.024044416300797337,0.011183401789370332,0.008001001855988283,0.001256330951700066,0.0023928110679904803
53,shap,4,0.003569005007953618,0.0024299610156060065,0.0032463394923865183,0.01856818562751763,0.044786856642053646,0.07958471343234388,0.0721046286965663,0.04814450024102423,0.04324583417128832,0.05985512641662554,0.190377650594376,0.07863195202147431,0.06182763624963204,0.046272738450273534,0.13213036814216852,0.04311667308861726,0.04096453154738327,0.018359413826719635,0.008392059765748708,0.002479703771175909,0.001912121799064742
54,support_impurity_centrality,4,0.008107211546151852,0.006714727808647343,0.0035069994015899364,0.03356948124290585,0.06437843123239494,0.0699813797975308,0.0942250549069598,0.0512988161301426,0.03507845347017399,0.08289090122445852,0.13387368031131003,0.06735620680263003,0.06450576815366023,0.05915667149646487,0.08189796209962767,0.07292747408146731,0.03096273112363624,0.024794899468296196,0.010138762380533808,0.0017701409619829956,0.0028642463594349666
55,confidence_impurity_centrality,4,0.018358679390224463,0.01058945070164967,0.0029008290215280265,0.02108059765944756,0.05644048402252256,0.07263734818112606,0.08368429393169857,0.054937625389033275,0.05425262369756755,0.07468493584437318,0.1042325421922271,0.07249560808046818,0.05981175385918273,0.06429504370199851,0.07757858204817444,0.07543089104353198,0.04427862006435444,0.027983317993382013,0.01010882297647504,0.0005167157487311703,0.013701234452303427
56,lift_impurity_centrality,4,0.02260182498295256,0.014126639206674825,0.004001023914035321,0.025203193916507285,0.056658544059769334,0.06643909897844627,0.07876209441227722,0.05440231600222822,0.058935315011182834,0.0723413843873482,0.09170386666483503,0.06947201843640052,0.059484580915175146,0.06799352044225725,0.07378266768494837,0.07245806105174725,0.04723200833524078,0.03330670898193531,0.013258538664844463,0.0007046104465356926,0.01713198350465794
57,equal_impurity_centrality,4,0.017768051211668502,0.010306857470758303,0.003131192367083621,0.021367793549264075,0.055838272328512246,0.07194557392627751,0.08346493704437084,0.05442465612296317,0.05392875935081612,0.0743245232407976,0.10347577628158779,0.07243093203840774,0.060978821760807655,0.0641833613707814,0.0768111957484369,0.07594574438419166,0.045567124048037325,0.028662900653430787,0.011454653363189925,0.0006200785911441566,0.013368795147472528
58,relevance_impurity_centrality,4,0.008189531468461811,0.006626047394763587,0.0034814163311773236,0.03329089398299596,0.06421126032854849,0.0699031544055762,0.09372291326496954,0.051205915798032985,0.03532158667890621,0.08314081107493104,0.13415985619227197,0.06725145070509737,0.06446190520146816,0.058959198990720434,0.08196334108498152,0.0733593666668739,0.03103436301294251,0.024980987770968195,0.010129162679998905,0.0017397604879292833,0.0028670764783846237
59,support_relevance_centrality,4,1.0581548739455757e-06,8.339637029983992e-05,3.2155950066931724e-06,0.00014407872968892374,0.0011753725541142103,0.0619980935840425,0.257263498606333,0.00347209496669761,0.03179699797215353,0.013173478919717643,0.3169311892834756,0.005207889084319033,0.06745508837019587,0.013463833561200726,0.2101709688609444,0.00989637610164591,0.00672103564371967,0.00030849374841325304,0.0007054878591966839,2.639211057920935e-05,1.9599233817111706e-06
60,confidence_relevance_centrality,4,9.56279882495593e-06,0.00022251381989936447,2.5423060520501358e-05,0.0008411244157761801,0.002931315815568784,0.06159436011794063,0.19929973558523795,0.007190988657558387,0.040639572344066115,0.019461821242217424,0.3553192591822444,0.01293126870551034,0.0560107095067274,0.012899519915612221,0.19929059295550078,0.015557281710138277,0.013346886186616795,0.0008280694655832224,0.001446826402257373,0.0001315867785589727,2.1581333639971515e-05
61,lift_relevance_centrality,4,9.401846308787475e-06,0.00021791778637260498,2.5236864110997563e-05,0.0008403958944264949,0.002891480228399852,0.06156395932669525,0.20043540188488337,0.007064202128369937,0.04078292388864299,0.019424977120924464,0.3542003851190428,0.012773864767818258,0.05634823122527501,0.012921209430940361,0.19936674723420242,0.015526351775318175,0.013210691890936484,0.0008295113938176495,0.0014172503405247895,0.00012874445178570615,2.111540120360908e-05
62,equal_relevance_centrality,4,9.038793026338726e-06,0.00023247897274879622,2.6833749001775968e-05,0.0008088802920788635,0.003278599673522815,0.05894083865985269,0.18871695092725524,0.0071290006542479275,0.04708683417550008,0.02078620982779866,0.371215215083733,0.014145068852889086,0.054508720895905624,0.012509901512080888,0.18908815772089116,0.015131335048507142,0.01393618252187072,0.0008621112202032416,0.0014221037734760671,0.00014513888856317142,2.039875684668739e-05
63,relevance_relevance_centrality,4,1.0357278804933791e-06,8.134943446041398e-05,3.1815452094669417e-06,0.00014392334981066314,0.0011576245523519295,0.061963095412979105,0.2585303237132393,0.0034003056293566815,0.03171108396268897,0.01310146792939568,0.31577271755364,0.0051149668779266995,0.06780346488546554,0.013512252803017724,0.210193814984754,0.009878975278882039,0.0066047458569785476,0.00030852733432659566,0.000689480086448109,2.574739513960467e-05,1.915686048445613e-06
64,perm,5,0.0,-0.00564334085778781,0.0,0.01918735891647855,0.020880361173814893,0.0767494356659142,0.13656884875846495,0.05135440180586906,0.0474040632054176,0.09593679458239276,0.15011286681715572,0.12076749435665912,0.05869074492099322,0.018058690744920988,0.11963882618510155,0.014672686230248306,0.053611738148984185,0.013544018058690741,0.01128668171557562,-0.002821670428893905,0.0
65,gini,5,0.0,0.006728753487912578,0.004305063748235729,0.011515670635870605,0.02813552567332321,0.06360131515840894,0.2540937528264918,0.03276350684222531,0.02811516299076407,0.048288658049176626,0.23171575451968657,0.06281903832560097,0.03843360716655143,0.028312522403138647,0.08668353576732483,0.02768563958571146,0.024101668915691737,0.013494678886881946,0.005929879316709033,0.003276265700294444,0.0
66,shap,5,0.0,0.006873070559085177,0.004378114109434884,0.012700680362083978,0.05801779253817197,0.06818161430943327,0.1267127251506062,0.045867209010492155,0.052610422268557964,0.0777025403072027,0.17648959203066153,0.07946532159027853,0.04979674096270716,0.035256312879566404,0.09712584028483719,0.04177365603404993,0.037876278520011096,0.019651257019476048,0.007257596071676111,0.0022632359916675113,0.0
67,support_impurity_centrality,5,0.0,0.016326351840856276,0.014226891192824484,0.022974929125738095,0.06911292829296173,0.07228288453324361,0.10801505487583717,0.05637539537035853,0.03950940961604625,0.07713939130993698,0.14149163173780624,0.07116176885819567,0.05465862534141058,0.046727079849252305,0.07445645545943849,0.04963809128580663,0.03809592241710568,0.03076504964851149,0.01086669044958302,0.006175448795086767,0.0
68,confidence_impurity_centrality,5,0.0,0.034281545344352904,0.03038517939764162,0.026907606424402566,0.06447110368512216,0.06358916209073114,0.10705988680441177,0.06725099313051161,0.050660242766571086,0.05411898490380421,0.0986729319129881,0.05415080259988547,0.058832948318518125,0.046505122986091225,0.07629841527056147,0.06366193446310649,0.040714696597227026,0.03837334688126336,0.012532685782203318,0.011532410640606285,0.0
69,lift_impurity_centrality,5,0.0,0.036298756173695323,0.033777250077812744,0.033704813464736444,0.06236003194862304,0.06170225177962704,0.08804161432858676,0.06376397064177507,0.05364284694941871,0.056588360844284355,0.0815238009931385,0.05621540908845745,0.06002506696035128,0.05178926436466761,0.07408106361356451,0.05991355238604252,0.046927241672108884,0.04546884680823806,0.01791006695853473,0.01626579094633703,0.0
70,equal_impurity_centrality,5,0.0,0.0341250506675529,0.030035659080676947,0.027510689754192394,0.06453866098350443,0.0638137441611924,0.10625984684614352,0.06707715608438956,0.05051880951166123,0.054691866206626694,0.09880265883893014,0.05485093494655463,0.05859806178341656,0.0465650896378023,0.07562963902177433,0.06353516961672756,0.04062204745525274,0.038651878547985734,0.01241822381373551,0.011754813041880176,0.0
71,relevance_impurity_centrality,5,0.0,0.016439876042963722,0.014262000038738913,0.022925439792409255,0.06906372704992676,0.0719740212471844,0.10752150509516963,0.056281323134698726,0.039792034652876195,0.07731127515351804,0.1414558335611315,0.07122778925222198,0.05431652735762265,0.04653503330416151,0.07473386205954136,0.04966828683130866,0.0384850270358452,0.030950688127514055,0.010858125688029135,0.0061976245751383064,0.0
72,support_relevance_centrality,5,0.0,0.0009132347351272872,3.754327492714669e-07,6.106254387796611e-05,0.009571195799744463,0.02687394630395881,0.43422958103110326,0.010868928209361698,0.014226472822713658,0.031689569716080494,0.2011868684225895,0.1060973813166643,0.06751094791732516,0.009844955792919318,0.06277707448693955,0.011204196559087875,0.011443618650424028,0.001118714632329353,0.00031941317708508406,6.246244991892284e-05,0.0
73,confidence_relevance_centrality,5,0.0,0.0010724847181657483,6.027949014627839e-06,0.0002484660598782917,0.015399446429802385,0.029073062599204065,0.41649569604528525,0.014395841688360058,0.01597954462994255,0.039487007366639564,0.19687150486521462,0.10797870893450234,0.07044563480482012,0.00960973429914514,0.055604078932495166,0.0127923046607218,0.011518993620716404,0.002263261942412741,0.0005543400305984858,0.0002038604230806343,0.0
74,lift_relevance_centrality,5,0.0,0.0010757129295836069,6.0131684933206336e-06,0.00024540399767145104,0.015202266214475743,0.029152517123155756,0.4175764711162044,0.014395811832385016,0.016082706077396064,0.03936052458150905,0.19618935336241805,0.10772258462931059,0.07064754094766411,0.009659788520482522,0.05560474062220139,0.01258738450026505,0.011480700819655762,0.002253443178272803,0.0005563132658580692,0.00020072311299724923,0.0
75,equal_relevance_centrality,5,0.0,0.001020242902577784,6.223656813817548e-06,0.00025311891958485134,0.01825847535612991,0.028995915916672086,0.3977501533887213,0.014304225984455897,0.01863103826230205,0.04776252829400453,0.20509431248832066,0.10753990520744747,0.06752632594865826,0.009600136785918768,0.05537492178180223,0.012671496431906227,0.011432198982131983,0.0029672801754714855,0.000529168277973542,0.00028233123910715457,0.0
76,relevance_relevance_centrality,5,0.0,0.0009162573515518668,3.749560530505951e-07,6.002094400107838e-05,0.009373448085541627,0.02698107197630557,0.4356017735340123,0.010880213612703988,0.014210041658844264,0.031247173257736374,0.20024229229637627,0.10614339085760138,0.06775261293825988,0.009916503262577654,0.06277493380036793,0.010996138189851509,0.01141733699889836,0.001103797382514031,0.0003217092443642068,6.090965243862805e-05,0.0
77,perm,6,0.0,0.0,0.0,0.0,0.030684104627766603,0.043259557344064385,0.2137826961770623,0.05130784708249497,0.03621730382293763,0.1312877263581489,0.17454728370221323,0.1574446680080483,0.022132796780684104,0.031187122736418514,0.06539235412474849,0.004527162977867203,0.010563380281690142,0.02766599597585513,0.0,0.0,0.0
78,gini,6,0.0,0.0,0.0,0.000923991150199907,0.019398899374466157,0.014563591657522053,0.29885916226070797,0.03923272900268766,0.048554453986471326,0.05780949408120408,0.20849550872019368,0.1157162098771843,0.039444088971419815,0.030710165749161352,0.08736403083294828,0.01495946000586506,0.009646968840273466,0.012445466354078253,0.0,0.0018757791356166325,0.0
79,shap,6,0.0,0.0,0.0,0.0013057515399978285,0.024610521306967524,0.01553553287487847,0.17645169695059745,0.05364913506830258,0.046267093748738566,0.09000467285096941,0.200708682196635,0.10988060351848236,0.05731426596858879,0.050269348949194305,0.10242256102338221,0.02978445886758361,0.01921708122977188,0.021881561579416436,0.0,0.0006970323264935426,0.0
80,support_impurity_centrality,6,0.0,0.0,0.0,0.004805474848974114,0.047687066404746695,0.024117516270724188,0.1408305629409408,0.06115295869233797,0.03889828074288265,0.08818001308647076,0.22623175903291864,0.09372520805909243,0.06791752836853035,0.04774689470477327,0.07364887478650305,0.03242488837080339,0.02497253902825266,0.02291257852568272,0.0,0.00474785613636632,0.0
81,confidence_impurity_centrality,6,0.0,0.0,0.0,0.0262869197376302,0.05619030092834267,0.035496146565648104,0.11960488212943036,0.046970206552074546,0.023536946573848222,0.07175947379088794,0.16810711588558522,0.1303542063877477,0.1120727529234011,0.030100382930922237,0.051081483948885,0.05575443733540869,0.022190889376292,0.04207531863660291,0.0,0.008418536297292967,0.0
82,lift_impurity_centrality,6,0.0,0.0,0.0,0.029828492729922305,0.059284192444178374,0.038256269838469775,0.1173868987540316,0.050136354382952254,0.02596952760221855,0.07363674787940265,0.15509742523185474,0.11978809416445241,0.10437484789099143,0.03273582947994762,0.05432744120098405,0.06008783452850217,0.02459312737352838,0.04504013017650474,0.0,0.009456786322059103,0.0
83,equal_impurity_centrality,6,0.0,0.0,0.0,0.0227052431653752,0.05325467445490082,0.038820524602212005,0.11760236848603144,0.051607277125080925,0.02659905236249137,0.07232142469238903,0.16686295022835126,0.12569030889325639,0.10498710071474182,0.03284640821324266,0.05510162873292166,0.0547996196070119,0.02545873971016093,0.0440046614265404,0.0,0.007338017585292107,0.0
84,relevance_impurity_centrality,6,0.0,0.0,0.0,0.004889750151647823,0.04786253358298292,0.024108054045000826,0.1405520814514219,0.06093076287669648,0.03912887637673132,0.08836570801081145,0.22610530422941713,0.09341729676781348,0.06781621385706771,0.047594952318500756,0.07346921396904751,0.03268011748212376,0.02524486161861608,0.023136059210822943,0.0,0.00469821405129793,0.0
85,support_relevance_centrality,6,0.0,0.0,0.0,4.910927853922923e-10,0.00046699225756987667,0.00025940250245353537,0.2850229423615057,0.06336348105697909,0.0410641045864828,0.03454168578881209,0.37139415935890197,0.0568389517096474,0.026139187188751273,0.03741673332525617,0.08344268407419579,1.3293070329880442e-05,2.639993987859872e-06,3.3592090515768566e-05,0.0,1.5014351798672207e-07,0.0
86,confidence_relevance_centrality,6,0.0,0.0,0.0,3.3009654947616116e-08,0.00150520649998337,0.0008513761256123834,0.332104811235649,0.058848450034632134,0.0549993535166425,0.03238003687979399,0.33516932040049635,0.05313802621432111,0.026794270539325607,0.032844470519755586,0.0709896494013347,0.00011855453631453818,3.447460976149235e-05,0.00021994284756591975,0.0,2.0236291563634227e-06,0.0
87,lift_relevance_centrality,6,0.0,0.0,0.0,3.336439378795618e-08,0.001477924634273239,0.0008543695044664247,0.33321951669956906,0.058173070955254355,0.055276932152149835,0.03243848767964634,0.3351561518742494,0.05233825431160063,0.02704994143779853,0.03319513730224722,0.07044395908680817,0.00011784224471313246,3.4713525307383846e-05,0.00022167838318153766,0.0,1.9868443409585098e-06,0.0
88,equal_relevance_centrality,6,0.0,0.0,0.0,3.0685578894618125e-08,0.0018080149499501627,0.000842296321878419,0.32873434260461365,0.05932719803044634,0.054806127539803164,0.03308678107186852,0.3361739008593185,0.05403507580983654,0.026412384666646034,0.03276249817406024,0.07160615046619796,0.00012635260337123791,3.784947734532659e-05,0.00023907272542568478,0.0,1.9240136593595e-06,0.0
89,relevance_relevance_centrality,6,0.0,0.0,0.0,5.042139443710381e-10,0.0004594844240539859,0.000264373923262685,0.2870016578740197,0.06237588409907388,0.04155148769204707,0.03457733438242976,0.37114071875433224,0.05567897176408253,0.026466423419750525,0.0378637806119547,0.08256932461053315,1.3372807457526906e-05,2.6971856632249914e-06,3.4338349637162615e-05,0.0,1.4959748790575357e-07,0.0
90,perm,7,0.00223463687150838,-0.00111731843575419,0.003910614525139666,0.025698324022346373,0.04413407821229051,0.0340782122905028,0.09888268156424582,0.054189944134078225,0.06256983240223465,0.13407821229050282,0.1983240223463687,0.050837988826815644,0.08268156424581007,0.010055865921787711,0.08882681564245812,0.05027932960893856,0.027932960893854754,0.023463687150837995,0.00111731843575419,0.000558659217877095,0.0072625698324022365
91,gini,7,0.006854509040697528,0.008188300079720007,0.011092416036895451,0.014896250477314929,0.03904452097865853,0.07923096537820497,0.06698429413582575,0.03296340115096683,0.03843752233269298,0.05617789780509416,0.20669714673436276,0.04562302850761608,0.05784561514688781,0.025864983768654783,0.22057310960919302,0.024344469937710233,0.028237237367978278,0.020874720909231512,0.00661436842036483,0.001189052615113132,0.008266189566816696
92,shap,7,0.0021510955203200995,0.006734864831235759,0.00855209816107734,0.018156394295103757,0.04981033854001394,0.07491397119395979,0.08967531208045047,0.046046462138059734,0.04448543662379944,0.08968757951577332,0.16783566888331056,0.053207374286686315,0.07426903686448012,0.03218571780243276,0.12119053757028068,0.038691973757274636,0.04030417216983207,0.027887951138800524,0.0074135270231661995,0.0009505323346195775,0.005849955269322703
93,support_impurity_centrality,7,0.011125680029820622,0.015354751148484159,0.018309627159475355,0.025188123898003026,0.06369190485399698,0.07130024872890331,0.07299376533219346,0.049692789906521186,0.034579993905747064,0.08952092912256478,0.12233297541564127,0.05757936065122293,0.08071021101358919,0.0444409377712918,0.08677164240036173,0.04829717069562115,0.03540000767255842,0.03872258737619016,0.01869526164947518,0.0034837965102492725,0.011808234758088962
94,confidence_impurity_centrality,7,0.024390061555706912,0.025361238799898347,0.033838769508042,0.028902908479614742,0.058455574512555376,0.06400849668249302,0.06074630558681121,0.05531043953008669,0.04611918269445361,0.07593873043657193,0.08547112808855867,0.05670714705244657,0.0695801369081967,0.04700330340315202,0.07680823010855328,0.04746737708744994,0.04252645720303962,0.04058076249912832,0.026994794989785464,0.013135464846389253,0.02065349002706612
95,lift_impurity_centrality,7,0.03063924357314097,0.030525516456687697,0.04132055638026411,0.035247585522027114,0.0557103368195386,0.05780148170176452,0.05634785077002829,0.05725177413264523,0.047796339293798056,0.06655178518012804,0.07093317966907446,0.055987586538626184,0.06465121395240903,0.04777046145728661,0.06762179083272024,0.05157953610197886,0.04320642934283831,0.041709329851517686,0.03315175301527111,0.018076212587209196,0.026120036821045606
96,equal_impurity_centrality,7,0.024337630303627067,0.025455478526076408,0.03376089680581723,0.029009429152289424,0.05827745914856615,0.06411448016840104,0.060676654766134465,0.05528870435605566,0.04601569777815916,0.07593188660618,0.08519999340435534,0.05688173021954478,0.0695782488748467,0.04708022276768399,0.07660719325108697,0.04744058258669028,0.04280267772645554,0.04070769436082608,0.027126178672363072,0.013048152576055651,0.020659007948784825
97,relevance_impurity_centrality,7,0.01118743931115034,0.015311038806846486,0.0183238815317053,0.025272745021199715,0.06346342683816805,0.07100967974913727,0.07253909147891403,0.04975291550040797,0.03481407851499671,0.08992876149053575,0.12233778432399343,0.05744756890249707,0.08036259200237711,0.04421340832000072,0.08708598396049166,0.04860158768825585,0.035491367136072,0.038863762071567415,0.018669454028523786,0.003501147630389696,0.011822285692769642
98,support_relevance_centrality,7,2.6105196676967766e-06,1.849554563228524e-05,2.7392224502110883e-05,0.001893392257976099,0.0380218155860581,0.03702738401811762,0.10914460634018591,0.00492484373601493,0.10776936576886761,0.03396187243083781,0.15322566964367193,0.03366229397000774,0.04988043029761756,0.0012974632929453824,0.4117549100312117,0.0015579580536164755,0.000698172852589257,0.014988306301816889,1.1420964700700815e-06,1.0726689002180382e-09,0.00014187395952394678
99,confidence_relevance_centrality,7,2.2340398941679584e-05,8.522439713869354e-05,0.00011057255290414122,0.0019401514865357043,0.036654159714390955,0.03622052453114523,0.09469749665289098,0.007187243069918896,0.13168772470581624,0.03697151625642021,0.16509285371504612,0.032110928159271586,0.0426227475120809,0.0029145897878444333,0.38559436818593523,0.00500461937155829,0.0026997649808322382,0.018006602563401843,2.0585942634452523e-05,8.651535330699324e-08,0.00035589949993885026
100,lift_relevance_centrality,7,2.1937030496646407e-05,8.479128741676137e-05,0.00011095547528640534,0.0019414386615817605,0.03680920105417847,0.03629865932583002,0.09475753751637735,0.0070524109056731826,0.13174121502609687,0.03675064083406313,0.16516766334611696,0.032032970670107214,0.04282030514799794,0.0029229137272914784,0.38553922521377904,0.004988475914155866,0.0026746107060112976,0.017907153620580017,2.0299903245404005e-05,8.547632037482435e-08,0.000357509157393801
101,equal_relevance_centrality,7,2.394224035519693e-05,0.00010251639295263398,0.00011297945722177263,0.0019556490249626746,0.03659653256015105,0.03611024680145192,0.09407689900637842,0.007151116604261873,0.1312533518201785,0.038163438823014366,0.16642395283875103,0.03212327610155065,0.042486337617125204,0.0029080726919458073,0.3828574250516342,0.005633898272664913,0.0027744288863578385,0.018701690575464835,2.0602971126809384e-05,8.587164667373285e-08,0.0005235563908036258
102,relevance_relevance_centrality,7,2.551618486636447e-06,1.831255747729564e-05,2.753142641204254e-05,0.0018936376087894352,0.03821098436262217,0.03711909412971806,0.10915310183986304,0.004814309625315631,0.10775100487353276,0.0337700999117264,0.15340241162006535,0.0336264992483793,0.050114175643555685,0.0013031304284811486,0.4115331889799061,0.0015456354589365822,0.0006908532648811635,0.014881890816938635,1.1206575718424122e-06,1.0561583806112838e-09,0.00014046487118232965
103,perm,8,-0.009733606557377051,0.002561475409836066,0.009733606557377051,0.023565573770491805,0.038422131147540985,0.053278688524590175,0.12704918032786888,0.05737704918032788,0.09016393442622951,0.09170081967213116,0.20491803278688528,0.057889344262295084,0.03125000000000001,0.03688524590163935,0.052766393442622954,0.052766393442622954,0.06352459016393444,0.03073770491803279,0.0056352459016393444,-0.004098360655737705,-0.01639344262295082
104,gini,8,0.015075506309592816,0.00902423472007255,0.02095475326903878,0.014113809519577964,0.027271201244297057,0.057548257791396294,0.21144167913071543,0.025460922275576347,0.028817425114045538,0.04367079217845248,0.20303518650239233,0.05337547528737329,0.04029002175235245,0.029192362732793617,0.08715707432586053,0.040769653155552366,0.026128150107412956,0.026058284398237132,0.017683932725729924,0.01248380857177152,0.010447468887758762
105,support_impurity_centrality,8,0.02142455045121359,0.013790541845600216,0.03127730626854755,0.02280542869594968,0.04680752394450987,0.05758511405496603,0.08735783144407483,0.04792757348712935,0.0454721934764382,0.07919836363249091,0.10822793950905492,0.06624645356868258,0.052185356269646335,0.04842324230777403,0.0694233823624183,0.05271353124254955,0.04627235847928791,0.04452812290738797,0.028949518422868206,0.015575812070817327,0.013807855558592637
106,confidence_impurity_centrality,8,0.034468687482597384,0.025107803742948208,0.04294398239054719,0.03312975918622033,0.04992704328733361,0.053309581280417996,0.0703424678234131,0.04723662782734472,0.054186296542637555,0.06155318288642863,0.06964671151467863,0.05857467310376226,0.04844623399692242,0.048665668548409154,0.0630145198838299,0.05409096728343523,0.051548082903014616,0.049888292154141346,0.03584763425548849,0.025558532471019905,0.022513251435409522
107,lift_impurity_centrality,8,0.04087853728205148,0.03302287751342008,0.04566362808993714,0.04039126657237814,0.049385963164832784,0.05109634769422163,0.05724423238483489,0.04852622422986158,0.05338724017444297,0.05490083269626239,0.05679768859319517,0.05418552221560874,0.04838319069190539,0.050299421230953496,0.05580663541604442,0.05364269912340107,0.051483218159725064,0.05025397285724718,0.041799895707437966,0.031885522555310096,0.03096508364692835
108,equal_impurity_centrality,8,0.034664018403804044,0.02508128738916224,0.04308696260794912,0.03305477626483049,0.04985521358773232,0.053531868228918617,0.07013277143964626,0.04721999508904379,0.05409843067719756,0.06149237442582818,0.06951516712676026,0.05859847429939259,0.048629042319026816,0.048632280123658694,0.06289571436879268,0.0540319774776115,0.05149513782841621,0.049949710214560725,0.03591151658498028,0.02561281125370043,0.02251047028898716
109,relevance_impurity_centrality,8,0.021429251977928658,0.013887292197965652,0.031253177823444216,0.02273152932901764,0.04662231583982903,0.057545687945095944,0.08687540107955026,0.04805866778280432,0.04583329930241116,0.07945033436883744,0.10802076507888851,0.06615126965478696,0.05201183825404004,0.04823104014342435,0.06965893813448823,0.05283406422926981,0.04635933279317236,0.04453220569287125,0.028964028813461915,0.015705885188521233,0.013843674370191133
110,support_relevance_centrality,8,7.682656470574477e-05,2.793952224687805e-05,0.0001255093868994128,0.0007591005268900419,0.002619548359498795,0.04226486819770619,0.36852341261467314,0.005474762391881842,0.005339600732549916,0.01931168525062926,0.29898814559374953,0.07932222569538759,0.041971363894241574,0.007483416006364584,0.06488892440669701,0.05974132027304455,0.0017721901123050965,0.0004123272064949663,0.0008923123571143536,3.662330151597103e-06,8.585767679391686e-07
111,confidence_relevance_centrality,8,0.0001911860332766538,9.027017260291884e-05,0.0005165161885911771,0.0010549073382488318,0.005276168047074946,0.03953644349319432,0.4050471393399813,0.005132088756753657,0.007133822915665939,0.017510971794803265,0.2556327677568092,0.07862114444438802,0.051570055981579224,0.008466248026284763,0.0664271267664963,0.051023686214336506,0.0037524559032084785,0.00128424289027231,0.0016720010463139709,4.681987787005238e-05,1.3937012248143737e-05
112,lift_relevance_centrality,8,0.00018790223445212413,9.039144481967675e-05,0.000521146866335678,0.0010572691403293842,0.005189387596054686,0.03959884354255357,0.40706759321136704,0.005064679504167883,0.007179445477969485,0.017322829937484255,0.2535847200540486,0.07894448843896525,0.05183690552984561,0.0085269949536745,0.06642874613143504,0.05061659854939445,0.0037571980997393316,0.001275970084999278,0.0016881743771533883,4.688832766087438e-05,1.3826497549898367e-05
113,equal_relevance_centrality,8,0.00019241319678070805,9.026020904867822e-05,0.0005263066389781909,0.0010590903459529264,0.0052786379954580355,0.03953643615591289,0.405004687755041,0.005132531580593649,0.007146222194069386,0.017513215669121323,0.25562455212430146,0.07862045535315679,0.051571209407404374,0.008485234065940813,0.06642236425423431,0.05102034865876312,0.003752408752862036,0.001288384113964446,0.0016741021918835475,4.7035686080354386e-05,1.4103650451936254e-05
114,relevance_relevance_centrality,8,7.549592439153033e-05,2.80409448675047e-05,0.00012697523324742632,0.0007634985522727023,0.002575987832681295,0.042334466190996456,0.3710307934961651,0.005387302136412504,0.005390595830141144,0.019083815797780988,0.2963416121207272,0.07978069901273496,0.04224936314813493,0.007558142354002722,0.06492130828528198,0.059256522001587014,0.0017783262933449991,0.00040961002507309603,0.0009029265870078912,3.665021800349785e-06,8.53211348227441e-07
115,perm,9,0.0,0.0,0.010989010989010995,0.009555661729574779,0.029144768275203074,0.06736741519350219,0.024844720496894426,0.04921165790731011,0.017200191113234602,0.04968944099378885,0.2460582895365503,0.07023411371237462,0.1337792642140469,0.06975633062589588,0.19397993311036785,0.010033444816053519,0.005733397037744867,0.010033444816053519,0.0,0.0023889154323936948,0.0
116,gini,9,0.0,0.0,0.002983081708766688,0.012916608175817747,0.016763341285676952,0.06829558464948723,0.03452867088058998,0.03268413376277289,0.038297550368160974,0.025217834359269924,0.19352477805547433,0.1469395447642278,0.05857761322491308,0.02995211873952481,0.28518030809931405,0.021890375051933603,0.012501801447164795,0.012930849161856172,0.003508225871260033,0.003307580393788824,0.0
117,shap,9,0.0,0.0,0.0037869042452812643,0.012459807485263515,0.01774878978124283,0.046137069058541216,0.05147239403043048,0.05303625900563154,0.04777490467939635,0.03879819613039487,0.24542458890533525,0.09485392443989656,0.08411234691009989,0.05341051312494083,0.16794584673306112,0.033965370356430005,0.016929880744299228,0.02287318523282384,0.004353154413389742,0.004916864723541688,0.0
118,support_impurity_centrality,9,0.0,0.0,0.005594577203717979,0.021348823750876246,0.015808528376241908,0.06124776598424922,0.04655360506544364,0.055293081682057,0.04383966226343936,0.032098526990768914,0.253073632322187,0.11700774179851599,0.06637162537846829,0.03300500253007257,0.13938505927768344,0.047003386329234405,0.01788240257046396,0.03509201487976267,0.0043057673021681744,0.005088796294649263,0.0
119,confidence_impurity_centrality,9,0.0,0.0,0.005636202262431435,0.021291334250466983,0.01020146270714494,0.03740815321960226,0.04070617619139049,0.13907862069529667,0.032823636974769324,0.039129256553866586,0.1962578361625378,0.1544095733641247,0.07118757856865068,0.034740248415025675,0.10704639173619179,0.04570031992002262,0.012213639775350683,0.04301547422572193,0.0017377029300872976,0.007416392047317958,0.0
120,lift_impurity_centrality,9,0.0,0.0,0.006600468010437191,0.024096040373057816,0.011659044515044003,0.04137345261914884,0.04461041633696299,0.12970737204589525,0.03656290563808476,0.04352252846954636,0.1748919198185866,0.14016733718494506,0.07616288861950708,0.03880688632869625,0.10906451249995623,0.04968804478740285,0.014149171358465273,0.04827852033557737,0.0019823132677699957,0.008676177790916095,0.0
121,equal_impurity_centrality,9,0.0,0.0,0.006217343357004709,0.020360351975908485,0.01099493460855314,0.04100171975838255,0.041266784934606116,0.12888170997846363,0.03453400350367388,0.04362001718424397,0.19523950442974333,0.1516185670809163,0.06923385207972554,0.03629114585382068,0.1072027989948646,0.04555100422837121,0.015050273988294451,0.04296544913748871,0.0018539543306943442,0.008116584575244475,0.0
122,relevance_impurity_centrality,9,0.0,0.0,0.00566343493205885,0.02137926822731306,0.01580607246705296,0.06143602949549309,0.04679997729220274,0.05505278871944505,0.044170900849314534,0.03213936693265778,0.2531569297117581,0.11604760374129804,0.06636485891360856,0.03306750922544322,0.13884132776784314,0.047037052417597626,0.018095856353328166,0.03553043405541981,0.004248863714437888,0.005161725183727345,0.0
123,support_relevance_centrality,9,0.0,0.0,1.3649981393794212e-06,0.0001032160081193759,0.00010155584511034023,0.01746458156042575,0.013469033971407324,0.08807676636605442,0.0017692275167112675,0.016212510815981983,0.28587812878144697,0.15769762464444947,0.0686166923394057,0.02621404434950855,0.3226328938544827,6.690880353571998e-05,0.0016444191344276546,1.339767642370223e-05,3.693239670602105e-05,7.00937663661129e-07,0.0
124,confidence_relevance_centrality,9,0.0,0.0,1.331286989602463e-05,0.0004774978842793803,0.0006009588318985998,0.019624666919478444,0.015472184165475585,0.07131527610171455,0.005611300159530682,0.014406285866318716,0.27764185989053203,0.1376092084785653,0.08028303941045901,0.02928366177798504,0.34190280401404194,0.0005696340880004886,0.004801669039169864,0.00015063668347218358,0.00022693170417172227,9.072115010418743e-06,0.0
125,lift_relevance_centrality,9,0.0,0.0,1.3471871769530149e-05,0.00047429390299790446,0.0006003567548490728,0.019938490508976826,0.015732547083363396,0.07044306629796765,0.00568064981587905,0.014274600697560806,0.27822132844314945,0.1363223448183881,0.08111227927780602,0.02977118570982588,0.34160298429142427,0.0005686718439041855,0.004857690407135248,0.00015266333234189656,0.0002241498131338777,9.22512952682337e-06,0.0
126,equal_relevance_centrality,9,0.0,0.0,1.4072163039231003e-05,0.0005119024899496849,0.0007473642207991246,0.019152284099598023,0.015062613824536244,0.07303132550365513,0.005634138293326649,0.014965457922415791,0.27924344137644247,0.13981391793261927,0.07801308310230169,0.028643439661664372,0.3394144401166624,0.0006549568572688398,0.004684819930345798,0.000175324952023144,0.00022563945641111149,1.1778096941053244e-05,0.0
127,relevance_relevance_centrality,9,0.0,0.0,1.4088073602022446e-06,0.00010397073980592908,0.00010268282433889528,0.018003188773153468,0.013886395542118157,0.08668850795755516,0.0018246271385890277,0.01597754219002397,0.28679828596936635,0.15564440817682326,0.06996145607944848,0.0270273508766714,0.3221643443714099,6.806778394469065e-05,0.0016959589500637412,1.3843584611641668e-05,3.723463754148907e-05,7.255971742549919e-07,0.0
